rowid;sy_snum;sy_pnum;disc_year;pl_ntranspec;st_nrvc;st_nspec;pl_nespec;st_nphot;ra;dec;glon;elon;glat;elat;st_mass;pl_radelim;pl_rade;pl_radj;pl_radjlim;sy_dist;pl_bmasse;pl_bmassj;pl_bmasselim;pl_bmassjlim;pl_denslim;pl_dens;sy_disterr2;sy_disterr1;pl_nnotes;sy_kmag;st_teff;st_tefflim;sy_vmag;sy_hmag;sy_tmag;sy_vmagerr1;sy_tmagerr1;sy_tmagerr2;sy_pmdec;sy_pm;sy_pmra;sy_vmagerr2;st_lum;sy_pmdecerr1;sy_pmerr1;sy_pmraerr1;sy_jmag;st_rad;sy_hmagerr2;sy_hmagerr1;st_logg;st_logglim;pl_orbper;pl_orbperlim;sy_pmraerr2;sy_pmdecerr2;sy_pmerr2;sy_kmagerr1;sy_jmagerr2;sy_jmagerr1;sy_kmagerr2;sy_gaiamag;sy_gaiamagerr2;sy_gaiamagerr1;st_masserr1;pl_orbsmaxlim;pl_orbsmax;st_masserr2;sy_plxerr2;sy_plx;sy_plxerr1;sy_bmag;sy_bmagerr1;sy_bmagerr2;st_tefferr1;st_raderr1;st_tefferr2;st_raderr2;st_loggerr1;st_loggerr2;st_met;st_metlim;sy_w2mag;sy_w3mag;sy_w4mag;sy_w1mag;st_dens;sy_w2magerr1;sy_w1magerr1;st_denserr1;st_denserr2;pl_orbpererr1;pl_orbpererr2;st_meterr2;st_meterr1;pl_orbeccenlim;pl_orbeccen;sy_w2magerr2;sy_w1magerr2
1;2;1;2007;0;2;0;0;1;185,178779;17,793252;264,137750;177,421770;78,280580;18,333920;2,700000;0,000000;12,100000;1,080000;0,000000;93,184600;6165,600000;19,400000;0,000000;0,000000;0,000000;19,100000;-1,923800;1,923800;2,000000;2,282000;4742,000000;0,000000;4,723070;2,484000;3,837900;0,023000;0,007100;-0,007100;88,170100;140,383627;-109,241000;-0,023000;2,243000;0,277297;0,301395;0,316107;2,943000;19,000000;-0,268000;0,268000;2,310000;0,000000;326,030000;0,000000;-0,316107;-0,277297;-0,301395;0,346000;-0,334000;0,334000;-0,346000;4,440380;-0,003848;0,003848;0,300000;0,000000;1,290000;-0,300000;-0,219739;10,710400;0,219739;5,726000;0,017000;-0,017000;100,000000;2,000000;-100,000000;-2,000000;0,100000;-0,100000;-0,350000;0,000000;0,732000;2,358000;2,270000;0,639000;nan;nan;nan;nan;nan;0,320000;-0,320000;-0,090000;0,090000;0,000000;0,231000;nan;nan
2;1;1;2009;0;1;0;0;1;229,274595;71,823943;108,719000;141,646990;41,044370;74,958210;2,780000;0,000000;12,300000;1,090000;0,000000;125,321000;4684,814200;14,740000;0,000000;0,000000;0,000000;13,800000;-1,976500;1,976500;0,000000;1,939000;4213,000000;0,000000;5,013000;2,091000;3,822940;0,005000;0,007500;-0,007500;10,113200;10,679019;3,429960;-0,005000;2,430000;0,217259;0,218806;0,231822;2,876000;29,790000;-0,194000;0,194000;1,930000;0,000000;516,219970;0,000000;-0,231822;-0,217259;-0,218806;0,270000;-0,230000;0,230000;-0,270000;4,562160;-0,003903;0,003903;0,690000;0,000000;1,530000;-0,690000;-0,124857;7,953880;0,124857;6,382000;0,045000;-0,045000;46,000000;2,840000;-46,000000;-2,840000;0,070000;-0,070000;-0,020000;0,000000;0,143000;1,894000;1,787000;-0,290000;nan;nan;nan;nan;nan;3,200000;-3,200000;nan;nan;0,000000;0,080000;nan;nan
3;1;1;2008;0;1;0;0;1;352,824150;39,235837;106,412690;11,963220;-21,051410;38,229010;2,200000;0,000000;12,900000;1,150000;0,000000;75,439200;1525,500000;4,800000;0,000000;0,000000;0,000000;3,900000;-0,714000;0,714000;0,000000;2,331000;4813,000000;0,000000;5,231330;2,608000;4,321400;0,023000;0,007300;-0,007300;-83,758200;299,252618;287,292000;-0,023000;1,763000;0,141256;0,182684;0,185780;3,019000;11,000000;-0,184000;0,184000;2,630000;0,000000;185,840000;0,000000;-0,185780;-0,141256;-0,182684;0,240000;-0,180000;0,180000;-0,240000;4,917810;-0,002826;0,002826;0,100000;0,000000;0,830000;-0,200000;-0,124501;13,228900;0,124501;6,256000;0,017000;-0,017000;20,000000;1,000000;-20,000000;-1,000000;0,070000;-0,070000;-0,240000;0,000000;2,545000;2,719000;2,719000;1,592000;nan;0,524000;nan;nan;nan;0,230000;-0,230000;-0,030000;0,030000;0,000000;0,000000;nan;nan
4;1;2;2002;0;4;1;0;1;242,602101;43,816362;69,168490;223,247170;46,944470;62,878850;0,910000;0,000000;12,600000;1,120000;0,000000;17,932300;2559,472160;8,053000;0,000000;0,000000;0,000000;7,030000;-0,007300;0,007300;0,000000;4,714000;5338,000000;0,000000;6,619350;4,803000;5,863100;0,023000;0,006000;-0,006000;-296,464000;324,530306;132,019000;-0,023000;-0,153000;0,043148;0,042417;0,038519;5,158000;0,930000;-0,016000;0,016000;4,450000;0,000000;1765,038900;0,000000;-0,038519;-0,043148;-0,042417;0,016000;-0,029000;0,029000;-0,016000;6,383000;-0,000351;0,000351;0,110000;0,000000;2,774000;-0,110000;-0,022596;55,736300;0,022596;7,495000;0,020000;-0,020000;25,000000;0,010000;-25,000000;-0,010000;0,020000;-0,020000;0,405000;0,000000;4,543000;4,721000;4,674000;4,676000;1,273930;0,086000;0,173000;0,349530;-0,307280;1,677090;-1,872560;-0,047000;0,047000;0,000000;0,373000;nan;nan
5;3;1;1996;0;4;3;0;1;295,465642;50,516824;83,335580;321,211760;13,204460;69,468030;1,080000;0,000000;13,500000;1,200000;0,000000;21,139700;565,737400;1,780000;0,000000;0,000000;0,000000;1,260000;-0,011100;0,011000;5,000000;4,651000;5750,000000;0,000000;6,215000;4,695000;5,628100;0,016000;0,006000;-0,006000;-162,493000;211,122213;-134,791000;-0,016000;0,097000;0,045017;0,046880;0,049463;4,993000;1,130000;-0,036000;0,036000;4,360000;0,000000;798,500000;0,000000;-0,049463;-0,045017;-0,046880;0,016000;-0,037000;0,037000;-0,016000;6,064280;-0,000603;0,000603;0,040000;0,000000;1,660000;-0,040000;-0,024532;47,275400;0,024532;6,876000;0,072498;-0,072498;8,000000;0,010000;-8,000000;-0,010000;0,010000;-0,010000;0,060000;0,000000;4,568000;4,926000;4,713000;4,773000;1,011030;0,106000;0,236000;0,292730;-0,200810;1,000000;-1,000000;nan;nan;0,000000;0,680000;-0,106000;-0,236000
6;1;1;2020;0;0;0;0;0;243,462087;-11,837791;1,302620;243,704490;27,343010;9,211810;1,220000;0,000000;12,900000;1,150000;0,000000;124,953000;1373,018720;4,320000;0,000000;0,000000;0,000000;3,510000;-2,590000;2,590000;nan;2,094000;4157,000000;0,000000;5,226060;2,266000;3,976550;0,023000;0,008000;-0,008000;-9,061760;10,668200;-5,629830;-0,023000;2,254000;0,289228;0,298263;0,320487;2,943000;25,920000;-0,228000;0,228000;1,700000;0,000000;578,380000;0,000000;-0,320487;-0,289228;-0,298263;0,244000;-0,270000;0,270000;-0,244000;4,754290;-0,005055;0,005055;0,130000;0,000000;1,450000;-0,140000;-0,164543;7,980500;0,164543;6,615000;0,015000;-0,015000;11,000000;0,780000;-10,000000;-0,740000;0,040000;-0,060000;-0,010000;0,000000;0,752000;2,058000;1,931000;0,122000;nan;nan;nan;nan;nan;2,010000;-2,090000;-0,100000;0,100000;0,000000;0,060000;nan;nan
7;2;1;2008;0;1;0;0;1;314,607838;10,839138;58,691210;320,590930;-21,974800;26,786780;2,300000;0,000000;12,500000;1,110000;0,000000;76,222000;3273,500000;10,300000;0,000000;0,000000;0,000000;9,210000;-0,621700;0,621700;2,000000;3,366000;4979,000000;0,000000;5,510480;3,440000;4,718100;0,023000;0,006700;-0,006700;-34,197600;60,603853;-50,033500;-0,023000;1,602000;0,174949;0,156677;0,147366;4,032000;8,500000;-0,186000;0,186000;2,820000;0,000000;993,300000;0,000000;-0,147366;-0,174949;-0,156677;0,204000;-0,236000;0,236000;-0,204000;5,274760;-0,002654;0,002654;nan;0,000000;2,600000;nan;-0,106193;13,092200;0,106193;6,430000;0,018000;-0,018000;18,000000;nan;-18,000000;nan;0,060000;-0,060000;-0,052000;0,000000;2,931000;3,355000;3,308000;3,370000;nan;0,416000;0,373000;nan;nan;3,200000;-3,200000;-0,023000;0,023000;0,000000;0,080000;-0,416000;-0,373000
8;1;1;2008;0;0;0;0;0;242,376234;-21,083140;352,890500;244,365670;22,030310;-0,068520;0,850000;0,000000;18,647000;1,664000;0,000000;139,135000;3000,000000;8,000000;0,000000;0,000000;0,000000;2,540000;-1,307000;1,332000;0,000000;8,916000;4060,000000;0,000000;12,618000;9,121000;11,194100;0,069000;0,007500;-0,007500;-23,204300;25,377170;-10,274300;-0,069000;-0,370000;0,083486;0,088795;0,112028;9,820000;1,310000;-0,023000;0,023000;4,000000;0,000000;nan;nan;-0,112028;-0,083486;-0,088795;0,021000;-0,027000;0,027000;-0,021000;12,057200;-0,002275;0,002275;0,200000;0,000000;330,000000;-0,100000;-0,067647;7,159490;0,067647;14,168000;0,049000;-0,049000;300,000000;0,180000;-200,000000;-0,100000;0,140000;-0,100000;nan;nan;8,790000;8,684000;8,531000;8,794000;0,387890;0,020000;0,022000;0,180190;-0,106970;nan;nan;nan;nan;nan;nan;-0,020000;-0,022000
9;1;1;2018;0;0;0;0;1;217,155524;49,844649;90,163730;185,923430;60,644700;58,887950;0,990000;0,000000;13,900000;1,240000;0,000000;95,986300;289,225300;0,910000;0,000000;0,000000;0,000000;0,592000;-0,636850;0,636850;0,000000;3,159000;4893,000000;0,000000;5,590000;3,340000;4,781200;0,001000;0,006400;-0,006400;-46,816100;307,646978;-304,064000;-0,001000;1,774000;0,109763;0,096549;0,096214;3,845000;10,640000;-0,190000;0,190000;2,420000;0,000000;30,350600;0,000000;-0,096214;-0,109763;-0,096549;0,280000;-0,240000;0,240000;-0,280000;5,333900;-0,002000;0,002000;0,190000;0,000000;0,190000;-0,130000;-0,068599;10,390000;0,068599;6,439000;0,031639;-0,031639;15,000000;0,840000;-15,000000;-0,590000;0,100000;-0,100000;-0,770000;0,000000;nan;nan;nan;nan;nan;nan;nan;nan;nan;0,007800;-0,007700;-0,030000;0,030000;0,000000;0,042000;nan;nan
10;1;2;2010;0;2;1;0;1;155,868487;-0,902400;245,085690;157,993910;44,715800;-10,198180;1,540000;0,000000;13,400000;1,190000;0,000000;72,069100;632,460000;1,990000;0,000000;0,000000;0,000000;1,440000;-0,672800;0,685400;0,000000;4,285000;5098,000000;0,000000;6,453500;4,486000;5,641600;0,023000;0,006000;-0,006000;-36,272100;74,627747;65,219900;-0,023000;1,164000;0,244089;0,187901;0,166731;5,292000;4,900000;-0,076000;0,076000;3,500000;0,000000;452,800000;0,000000;-0,166731;-0,244089;-0,187901;0,016000;-0,338000;0,338000;-0,016000;6,203740;-0,000498;0,000498;0,080000;0,000000;1,333000;-0,080000;-0,129756;13,848800;0,129756;7,399000;0,019000;-0,019000;44,000000;0,080000;-44,000000;-0,080000;0,100000;-0,100000;-0,030000;0,000000;3,598000;4,254000;4,201000;4,094000;nan;0,156000;0,327000;nan;nan;2,100000;-4,500000;-0,040000;0,040000;0,000000;0,090000;-0,156000;-0,327000
11;1;2;2010;0;2;1;0;1;155,868487;-0,902400;245,085690;157,993910;44,715800;-10,198180;1,540000;0,000000;13,900000;1,240000;0,000000;72,069100;273,320000;0,860000;0,000000;0,000000;0,000000;0,559000;-0,672800;0,685400;0,000000;4,285000;5098,000000;0,000000;6,453500;4,486000;5,641600;0,023000;0,006000;-0,006000;-36,272100;74,627747;65,219900;-0,023000;1,164000;0,244089;0,187901;0,166731;5,292000;4,900000;-0,076000;0,076000;3,500000;0,000000;883,000000;0,000000;-0,166731;-0,244089;-0,187901;0,016000;-0,338000;0,338000;-0,016000;6,203740;-0,000498;0,000498;0,080000;0,000000;2,080000;-0,080000;-0,129756;13,848800;0,129756;7,399000;0,019000;-0,019000;44,000000;0,080000;-44,000000;-0,080000;0,100000;-0,100000;-0,030000;0,000000;3,598000;4,254000;4,201000;4,094000;nan;0,156000;0,327000;nan;nan;32,400000;-13,800000;-0,040000;0,040000;0,000000;0,290000;-0,156000;-0,327000
12;1;1;2021;0;0;0;0;0;69,340553;26,850300;172,819750;71,584130;-13,445930;4,721930;0,170000;0,000000;13,000000;1,160000;0,000000;128,484000;1271,313630;4,000000;0,000000;0,000000;0,000000;3,180000;-1,174000;1,196000;2,000000;10,386000;3100,000000;0,000000;16,186000;10,656000;13,012300;1,133000;0,007392;-0,007392;-26,988700;28,336260;8,634450;-1,133000;-1,164000;0,109749;0,118387;0,182398;11,298000;0,840000;-0,021000;0,021000;4,500000;0,000000;nan;nan;-0,182398;-0,109749;-0,118387;0,018000;-0,020000;0,020000;-0,018000;14,337400;-0,000772;0,000772;0,010000;0,000000;118,000000;-0,020000;-0,071247;7,755240;0,071247;17,237000;0,102000;-0,102000;100,000000;0,110000;-100,000000;-0,110000;0,500000;-0,500000;0,010000;0,000000;10,120000;10,104000;7,992000;10,284000;3,320180;0,021000;0,023000;0,189840;-0,189840;nan;nan;-0,050000;0,050000;nan;nan;-0,021000;-0,023000
13;2;1;2013;0;0;0;0;0;15,899249;-55,265829;299,268880;341,468120;-61,775860;-54,694140;0,190000;0,000000;12,300000;1,100000;0,000000;47,200000;4131,790000;13,000000;0,000000;0,000000;0,000000;12,200000;-3,100000;3,100000;1,000000;9,237001;nan;nan;15,788000;9,580000;12,089000;0,275000;0,017000;-0,017000;nan;nan;nan;-0,275000;nan;nan;nan;nan;10,162000;nan;-0,025000;0,025000;nan;nan;nan;nan;nan;nan;nan;0,022000;-0,023000;0,023000;-0,022000;nan;nan;nan;0,020000;0,000000;84,000000;-0,020000;nan;nan;nan;16,993000;0,121000;-0,121000;nan;nan;nan;nan;nan;nan;nan;nan;8,804000;8,558000;7,817000;9,047000;nan;0,020000;0,023000;nan;nan;nan;nan;nan;nan;nan;nan;-0,020000;-0,023000
14;1;1;2013;0;0;0;0;0;20,712801;-24,664613;195,453850;8,622670;-82,519900;-30,711970;0,400000;0,000000;11,209000;1,000000;0,000000;33,828100;7786,500000;24,500000;0,000000;0,000000;0,000000;30,400000;-0,086000;0,086400;0,000000;9,198000;3530,000000;0,000000;14,244000;9,470000;11,624300;0,074000;0,007488;-0,007488;-123,398000;172,442667;120,455000;-0,074000;-1,720000;0,119485;0,150278;0,176921;10,084000;0,370000;-0,023000;0,023000;4,860000;0,000000;nan;nan;-0,176921;-0,119485;-0,150278;0,026000;-0,028000;0,028000;-0,026000;12,902500;-0,001151;0,001151;0,050000;0,000000;52,000000;-0,050000;-0,074759;29,532600;0,074759;15,706000;0,071000;-0,071000;50,000000;0,010000;-50,000000;-0,010000;0,000000;0,000000;nan;nan;8,857000;8,747000;8,298000;9,022000;10,118680;0,019000;0,023000;0,339160;-0,339160;nan;nan;nan;nan;nan;nan;-0,019000;-0,023000
15;1;1;2015;0;0;0;0;0;34,842705;-39,423077;252,453430;13,509010;-67,984020;-49,305140;0,110000;0,000000;16,141000;1,440000;0,000000;40,089641;4417,837000;13,900000;0,000000;0,000000;0,000000;5,770000;-0,194050;0,194050;0,000000;10,404000;3064,000000;0,000000;nan;10,811000;13,430400;nan;0,007697;-0,007697;-35,900000;109,600000;103,600000;nan;-2,230000;0,100000;0,100000;0,100000;11,381000;0,280000;-0,027000;0,027000;4,590000;0,000000;nan;nan;nan;nan;nan;0,025000;-0,026000;0,026000;-0,025000;15,012300;-0,000624;0,000624;0,010000;0,000000;156,000000;-0,010000;-0,120739;24,944100;0,120739;18,549000;0,162000;-0,162000;76,000000;0,010000;-76,000000;-0,010000;0,060000;-0,060000;nan;nan;9,901000;9,614000;9,001000;10,148000;17,670760;0,020000;0,023000;0,137360;-0,137360;nan;nan;nan;nan;nan;nan;-0,020000;-0,023000
16;1;1;2010;0;0;0;0;0;70,437108;23,030854;176,510650;72,050250;-15,114350;0,802360;0,020000;0,000000;12,600000;1,130000;0,000000;120,423987;2383,600000;7,500000;0,000000;0,000000;0,000000;6,550000;-5,478342;5,478342;0,000000;13,161000;2936,000000;0,000000;nan;13,726000;17,181500;nan;0,030422;-0,030422;-21,400000;23,200000;9,000000;nan;-2,444000;0,500000;0,600000;0,900000;14,419000;0,230000;-0,029000;0,029000;5,010000;0,000000;nan;nan;nan;nan;nan;0,025000;-0,026000;0,026000;-0,025000;18,966800;-0,006833;0,006833;nan;0,000000;15,000000;nan;-0,377766;8,303994;0,377766;nan;nan;nan;182,000000;0,010000;-182,000000;-0,010000;0,000000;0,000000;nan;nan;nan;nan;nan;nan;22,781100;nan;nan;0,873040;-0,873040;nan;nan;nan;nan;nan;nan;nan;nan
17;1;1;2004;0;0;0;0;0;181,889091;-39,548440;293,790110;199,743420;22,543090;-35,035060;0,020000;0,000000;12,900000;1,150000;0,000000;64,308000;1589,150000;5,000000;0,000000;0,000000;0,000000;4,070000;-0,644000;0,656900;nan;11,945000;2825,000000;0,000000;20,150000;12,388000;15,662000;0,190000;0,011252;-0,011252;-23,719800;68,331513;-64,082500;nan;-2,561000;0,129679;0,223178;0,233085;12,995000;0,220000;-0,027000;0,027000;5,030000;0,000000;nan;nan;-0,233085;-0,129679;-0,223178;0,026000;-0,026000;0,026000;-0,026000;17,407600;-0,002154;0,002154;nan;0,000000;55,000000;nan;-0,156079;15,524200;0,156079;nan;nan;nan;157,000000;0,010000;-157,000000;-0,010000;0,020000;-0,020000;nan;nan;11,017000;9,469000;8,121000;11,574000;25,279450;0,020000;0,023000;0,311010;-0,311010;nan;nan;nan;nan;nan;nan;-0,020000;-0,023000
18;2;3;2015;0;0;0;0;0;294,635917;46,066408;79,018760;314,709350;11,674260;65,725340;0,480000;0,000000;13,400000;1,200000;0,000000;396,332000;603,877000;1,900000;0,000000;0,000000;0,000000;1,380000;-6,388500;6,388500;1,000000;12,955000;29564,000000;0,000000;12,651000;12,889000;12,456100;0,215000;0,015900;-0,015900;-4,637800;6,965016;5,196370;-0,215000;1,450000;0,077250;0,077153;0,077075;12,757000;0,200000;-0,020000;0,020000;5,510000;0,000000;406,000000;0,000000;-0,077075;-0,077250;-0,077153;0,029000;-0,022000;0,022000;-0,029000;12,137600;-0,003687;0,003687;nan;0,000000;0,920000;nan;-0,040351;2,495220;0,040351;12,112000;0,307000;-0,307000;nan;0,000000;nan;0,000000;0,010000;-0,010000;-0,092000;0,000000;12,920000;12,670000;9,203000;12,862000;nan;0,024000;0,023000;nan;nan;4,000000;-4,000000;nan;nan;0,000000;0,330000;-0,024000;-0,023000
19;1;1;2016;0;0;0;0;0;339,102593;47,861683;100,748460;6,859020;-9,109230;50,853300;0,600000;0,000000;12,300000;1,100000;0,000000;69,573700;3972,875000;12,500000;0,000000;0,000000;0,000000;11,700000;-0,158500;0,159200;2,000000;9,148000;4045,000000;0,000000;12,368000;9,338000;11,128600;0,057000;0,006100;-0,006100;-30,483900;69,889797;62,891300;-0,057000;-1,021000;0,058550;0,059590;0,059832;9,975000;0,640000;-0,021000;0,021000;4,620000;0,000000;nan;nan;-0,059832;-0,058550;-0,059590;0,018000;-0,022000;0,022000;-0,018000;11,948400;-0,000737;0,000737;0,050000;0,000000;230,000000;-0,050000;-0,032570;14,344400;0,032570;13,731000;0,177000;-0,177000;35,000000;0,060000;-35,000000;-0,060000;0,090000;-0,130000;nan;nan;9,094000;8,947000;8,731000;9,058000;3,369940;0,020000;0,023000;1,233960;-1,057690;nan;nan;nan;nan;nan;nan;-0,020000;-0,023000
20;4;1;2009;0;1;0;0;1;39,241274;24,648010;151,476810;44,564520;-32,309300;8,854570;1,930000;0,000000;12,300000;1,100000;0,000000;44,657000;4392,410600;13,820000;0,000000;0,000000;0,000000;13,000000;-0,103400;0,103900;5,000000;5,822000;6331,000000;0,000000;7,092090;5,908000;6,604000;0,023000;0,006000;-0,006000;-10,677400;141,813532;141,411000;-0,023000;0,381000;0,086137;0,083108;0,083090;6,080000;1,410000;-0,029000;0,029000;4,430000;0,000000;335,100010;0,000000;-0,083090;-0,086137;-0,083108;0,021000;-0,020000;0,020000;-0,021000;6,960850;-0,000512;0,000512;0,270000;0,000000;0,990000;-0,270000;-0,051581;22,364100;0,051581;7,458000;0,025000;-0,025000;61,000000;0,050000;-61,000000;-0,050000;0,050000;-0,050000;0,190000;0,000000;5,669000;5,825000;5,679000;5,963000;0,743000;0,024000;0,058000;0,219370;-0,128640;2,500000;-2,500000;nan;nan;0,000000;0,290000;-0,024000;-0,058000
21;1;1;2006;0;0;0;0;1;130,052810;64,328050;151,358820;112,809050;35,956540;44,028090;1,230000;0,000000;12,700000;1,130000;0,000000;73,460300;2256,500000;7,100000;0,000000;0,000000;0,000000;6,050000;-1,186050;1,186050;0,000000;1,734000;4415,000000;0,000000;4,580100;2,021000;3,568100;0,023000;0,007700;-0,007700;26,362000;66,657138;-61,222700;-0,023000;2,062000;0,260603;0,303144;0,310392;2,619000;18,110000;-0,186000;0,186000;1,800000;0,000000;269,300000;0,000000;-0,310392;-0,260603;-0,303144;0,218000;-0,290000;0,290000;-0,218000;4,237730;-0,004729;0,004729;0,150000;0,000000;0,870000;-0,150000;-0,218058;13,590100;0,218058;5,770000;0,016000;-0,016000;70,000000;1,470000;-70,000000;-1,470000;0,150000;-0,150000;-0,250000;0,000000;0,100000;1,817000;1,755000;-0,342000;nan;nan;nan;nan;nan;1,960000;-1,960000;-0,040000;0,040000;0,000000;0,432000;nan;nan
22;2;1;2008;0;1;0;0;1;276,497505;65,563365;95,419120;342,268460;27,125040;87,182910;0,980000;0,000000;13,000000;1,160000;0,000000;90,654500;1233,130000;3,880000;0,000000;0,000000;0,000000;3,080000;-1,322700;1,322700;1,000000;2,085000;4200,000000;0,000000;4,826200;2,197000;3,753500;0,023000;0,008700;-0,008700;-25,104100;108,200542;105,248000;-0,023000;2,155000;0,354036;0,342779;0,342127;2,949000;22,030000;-0,196000;0,196000;1,710000;0,000000;479,100000;0,000000;-0,342127;-0,354036;-0,342779;0,216000;-0,234000;0,234000;-0,216000;4,432160;-0,006238;0,006238;0,050000;0,000000;1,190000;-0,050000;-0,159689;11,006100;0,159689;6,005000;0,016000;-0,016000;70,000000;1,000000;-70,000000;-1,000000;0,050000;-0,050000;-0,460000;0,000000;0,372000;2,022000;1,892000;-0,152000;nan;nan;nan;nan;nan;6,200000;-6,200000;-0,050000;0,050000;0,000000;0,380000;nan;nan
23;1;3;1996;0;9;3;0;1;164,864761;40,430493;175,783050;149,068310;63,367700;31,061220;1,060000;0,000000;13,200000;1,180000;0,000000;13,796700;804,080000;2,530000;0,000000;0,000000;0,000000;1,920000;-0,028900;0,028900;nan;3,750000;5872,000000;0,000000;5,033520;3,736000;4,469800;0,023000;0,007300;-0,007300;55,013900;322,370857;-317,642000;-0,023000;0,198000;0,249541;0,203139;0,201582;3,960000;1,210000;-0,224000;0,224000;4,300000;0,000000;1078,000000;0,000000;-0,201582;-0,249541;-0,203139;0,340000;-0,296000;0,296000;-0,340000;4,878370;-0,003829;0,003829;0,130000;0,000000;2,100000;-0,140000;-0,150701;72,452800;0,150701;5,646000;0,021000;-0,021000;92,940000;0,040000;-113,530000;-0,060000;0,070000;-0,070000;0,040000;0,000000;3,143000;3,586000;3,553000;3,556000;0,836620;0,314000;0,353000;0,159240;-0,153760;2,000000;-2,000000;-0,100000;0,100000;0,000000;0,032000;nan;nan
24;1;3;2001;0;9;3;0;1;164,864761;40,430493;175,783050;149,068310;63,367700;31,061220;1,060000;0,000000;14,200000;1,270000;0,000000;13,796700;171,621000;0,540000;0,000000;0,000000;0,000000;0,329000;-0,028900;0,028900;nan;3,750000;5872,000000;0,000000;5,033520;3,736000;4,469800;0,023000;0,007300;-0,007300;55,013900;322,370857;-317,642000;-0,023000;0,198000;0,249541;0,203139;0,201582;3,960000;1,210000;-0,224000;0,224000;4,300000;0,000000;2391,000000;0,000000;-0,201582;-0,249541;-0,203139;0,340000;-0,296000;0,296000;-0,340000;4,878370;-0,003829;0,003829;0,130000;0,000000;3,600000;-0,140000;-0,150701;72,452800;0,150701;5,646000;0,021000;-0,021000;92,940000;0,040000;-113,530000;-0,060000;0,070000;-0,070000;0,040000;0,000000;3,143000;3,586000;3,553000;3,556000;0,836620;0,314000;0,353000;0,159240;-0,153760;100,000000;-87,000000;-0,100000;0,100000;0,000000;0,098000;nan;nan
25;1;3;2009;0;9;3;0;1;164,864761;40,430493;175,783050;149,068310;63,367700;31,061220;1,060000;0,000000;13,500000;1,200000;0,000000;13,796700;521,220000;1,640000;0,000000;0,000000;0,000000;1,160000;-0,028900;0,028900;nan;3,750000;5872,000000;0,000000;5,033520;3,736000;4,469800;0,023000;0,007300;-0,007300;55,013900;322,370857;-317,642000;-0,023000;0,198000;0,249541;0,203139;0,201582;3,960000;1,210000;-0,224000;0,224000;4,300000;0,000000;14002,000000;0,000000;-0,201582;-0,249541;-0,203139;0,340000;-0,296000;0,296000;-0,340000;4,878370;-0,003829;0,003829;0,130000;0,000000;11,600000;-0,140000;-0,150701;72,452800;0,150701;5,646000;0,021000;-0,021000;92,940000;0,040000;-113,530000;-0,060000;0,070000;-0,070000;0,040000;0,000000;3,143000;3,586000;3,553000;3,556000;0,836620;0,314000;0,353000;0,159240;-0,153760;4018,000000;-5095,000000;-0,100000;0,100000;0,000000;0,160000;nan;nan
26;3;1;2015;0;0;0;0;1;69,400742;-2,473825;198,612970;67,309740;-30,657640;-24,305320;1,750000;0,000000;13,400000;1,190000;0,000000;29,757500;635,660000;2,000000;0,000000;0,000000;0,000000;1,450000;-0,120300;0,121300;5,000000;4,537000;7295,000000;0,000000;5,211490;4,770000;4,957400;0,023000;0,006500;-0,006500;-63,832900;77,728795;44,352300;-0,023000;0,850000;0,178120;0,195429;0,227124;4,744000;1,490000;-0,076000;0,076000;4,310000;0,000000;11688,000000;0,000000;-0,227124;-0,178120;-0,195429;0,024000;-0,037000;0,037000;-0,024000;5,158060;-0,002308;0,002308;0,050000;0,000000;13,200000;-0,050000;-0,135431;33,577000;0,135431;5,486000;0,023000;-0,023000;120,090000;0,050000;-98,990000;-0,060000;0,090000;-0,070000;-0,027000;0,000000;4,310000;4,575000;4,390000;4,543000;0,707120;0,117000;0,210000;0,159740;-0,134680;6209,250000;-3287,250000;-0,045000;0,045000;0,000000;0,450000;-0,117000;-0,210000
27;1;1;1995;0;5;4;0;1;344,367540;20,769096;90,063740;354,285120;-34,727500;25,186330;1,030000;0,000000;14,300000;1,270000;0,000000;15,461400;146,201800;0,460000;0,000000;0,000000;0,000000;0,275000;-0,029700;0,029700;1,000000;3,911000;5758,000000;0,000000;5,453090;4,234000;4,857600;0,023000;0,006900;-0,006900;62,094000;216,460340;207,363000;-0,023000;0,136000;0,166006;0,204079;0,207151;4,655000;1,180000;-0,270000;0,270000;4,310000;0,000000;4,230785;0,000000;-0,207151;-0,166006;-0,204079;0,021000;-0,296000;0,296000;-0,021000;5,286470;-0,002768;0,002768;0,170000;0,000000;0,052700;-0,090000;-0,123201;64,648800;0,123201;6,104000;0,020000;-0,020000;101,620000;0,070000;-119,620000;-0,040000;0,080000;-0,060000;0,180000;0,000000;3,624000;3,929000;3,904000;3,909000;0,893740;0,246000;0,387000;0,196190;-0,150140;0,000036;-0,000036;-0,100000;0,100000;0,000000;0,013000;-0,246000;-0,387000
28;2;5;1996;0;9;11;0;1;133,146837;28,329815;196,795260;127,726820;37,696630;10,365550;0,910000;0,000000;13,900000;1,240000;0,000000;12,585500;263,978500;0,830600;0,000000;0,000000;0,000000;0,540000;-0,012300;0,012400;4,000000;4,015000;5172,000000;0,000000;5,950840;4,265000;5,205800;0,023000;0,006100;-0,006100;-233,651000;539,132999;-485,872000;-0,023000;-0,197000;0,109171;0,129580;0,133857;4,768000;0,940000;-0,234000;0,234000;4,430000;0,000000;14,651600;0,000000;-0,133857;-0,109171;-0,129580;0,036000;-0,244000;0,244000;-0,036000;5,729730;-0,000852;0,000852;0,020000;0,000000;0,113400;-0,020000;-0,077665;79,427400;0,077665;6,816000;0,019000;-0,019000;18,000000;0,010000;-18,000000;-0,010000;0,020000;-0,020000;0,350000;0,000000;3,296000;4,051000;4,014000;4,001000;1,418510;0,174000;0,318000;0,537870;-0,217450;0,000100;-0,000100;-0,100000;0,100000;0,000000;0,000000;nan;nan
29;2;5;2004;0;9;11;0;1;133,146837;28,329815;196,795260;127,726820;37,696630;10,365550;0,910000;0,000000;8,510000;0,760000;0,000000;12,585500;54,473800;0,171400;0,000000;0,000000;0,000000;0,486000;-0,012300;0,012400;4,000000;4,015000;5172,000000;0,000000;5,950840;4,265000;5,205800;0,023000;0,006100;-0,006100;-233,651000;539,132999;-485,872000;-0,023000;-0,197000;0,109171;0,129580;0,133857;4,768000;0,940000;-0,234000;0,234000;4,430000;0,000000;44,398900;0,000000;-0,133857;-0,109171;-0,129580;0,036000;-0,244000;0,244000;-0,036000;5,729730;-0,000852;0,000852;0,020000;0,000000;0,237300;-0,020000;-0,077665;79,427400;0,077665;6,816000;0,019000;-0,019000;18,000000;0,010000;-18,000000;-0,010000;0,020000;-0,020000;0,350000;0,000000;3,296000;4,051000;4,014000;4,001000;1,418510;0,174000;0,318000;0,537870;-0,217450;0,004200;-0,004300;-0,100000;0,100000;0,000000;0,030000;nan;nan
30;2;5;2002;0;9;11;0;1;133,146837;28,329815;196,795260;127,726820;37,696630;10,365550;0,910000;0,000000;13,000000;1,160000;0,000000;12,585500;1232,493000;3,878000;0,000000;0,000000;0,000000;3,080000;-0,012300;0,012400;4,000000;4,015000;5172,000000;0,000000;5,950840;4,265000;5,205800;0,023000;0,006100;-0,006100;-233,651000;539,132999;-485,872000;-0,023000;-0,197000;0,109171;0,129580;0,133857;4,768000;0,940000;-0,234000;0,234000;4,430000;0,000000;5574,200000;0,000000;-0,133857;-0,109171;-0,129580;0,036000;-0,244000;0,244000;-0,036000;5,729730;-0,000852;0,000852;0,020000;0,000000;5,957000;-0,020000;-0,077665;79,427400;0,077665;6,816000;0,019000;-0,019000;18,000000;0,010000;-18,000000;-0,010000;0,020000;-0,020000;0,350000;0,000000;3,296000;4,051000;4,014000;4,001000;1,418510;0,174000;0,318000;0,537870;-0,217450;93,800000;-88,600000;-0,100000;0,100000;0,000000;0,130000;nan;nan
31;2;5;2004;40;9;11;3;1;133,146837;28,329815;196,795260;127,726820;37,696630;10,365550;0,910000;0,000000;1,875000;0,167000;0,000000;12,585500;7,990000;0,025140;0,000000;0,000000;0,000000;6,660000;-0,012300;0,012400;6,000000;4,015000;5172,000000;0,000000;5,950840;4,265000;5,205800;0,023000;0,006100;-0,006100;-233,651000;539,132999;-485,872000;-0,023000;-0,197000;0,109171;0,129580;0,133857;4,768000;0,940000;-0,234000;0,234000;4,430000;0,000000;0,736547;0,000000;-0,133857;-0,109171;-0,129580;0,036000;-0,244000;0,244000;-0,036000;5,729730;-0,000852;0,000852;0,020000;0,000000;0,015440;-0,020000;-0,077665;79,427400;0,077665;6,816000;0,019000;-0,019000;18,000000;0,010000;-18,000000;-0,010000;0,020000;-0,020000;0,350000;0,000000;3,296000;4,051000;4,014000;4,001000;1,410000;0,174000;0,318000;0,150000;-0,100000;0,000001;-0,000001;-0,100000;0,100000;0,000000;0,050000;nan;nan
32;2;5;2007;0;9;11;0;1;133,146837;28,329815;196,795260;127,726820;37,696630;10,365550;0,910000;0,000000;7,590000;0,677000;0,000000;12,585500;44,812000;0,141000;0,000000;0,000000;0,000000;0,563000;-0,012300;0,012400;4,000000;4,015000;5172,000000;0,000000;5,950840;4,265000;5,205800;0,023000;0,006100;-0,006100;-233,651000;539,132999;-485,872000;-0,023000;-0,197000;0,109171;0,129580;0,133857;4,768000;0,940000;-0,234000;0,234000;4,430000;0,000000;259,880000;0,000000;-0,133857;-0,109171;-0,129580;0,036000;-0,244000;0,244000;-0,036000;5,729730;-0,000852;0,000852;0,020000;0,000000;0,770800;-0,020000;-0,077665;79,427400;0,077665;6,816000;0,019000;-0,019000;18,000000;0,010000;-18,000000;-0,010000;0,020000;-0,020000;0,350000;0,000000;3,296000;4,051000;4,014000;4,001000;1,418510;0,174000;0,318000;0,537870;-0,217450;0,290000;-0,290000;-0,100000;0,100000;0,000000;0,080000;nan;nan
33;1;1;2008;0;1;0;0;1;97,696031;58,161175;156,972860;94,938640;20,189180;34,853760;1,440000;0,000000;13,400000;1,190000;0,000000;54,659900;638,838300;2,010000;0,000000;0,000000;0,000000;1,460000;-0,273400;0,273400;1,000000;3,701000;4938,000000;0,000000;5,873070;3,825000;5,043600;0,023000;0,006100;-0,006100;-338,678000;340,041540;-30,421400;-0,023000;1,176000;0,071066;0,071317;0,097564;4,272000;5,200000;-0,252000;0,252000;3,190000;0,000000;934,300000;0,000000;-0,097564;-0,071066;-0,071317;0,300000;-0,254000;0,254000;-0,300000;5,606860;-0,001085;0,001085;nan;0,000000;2,110000;nan;-0,090810;18,266800;0,090810;6,796000;0,019000;-0,019000;nan;nan;nan;nan;nan;nan;-0,130000;0,000000;2,916000;3,689000;3,589000;3,662000;nan;0,138000;0,508000;nan;nan;8,600000;-8,600000;-0,020000;0,020000;0,000000;0,073000;nan;nan
34;1;3;2009;0;6;9;0;1;199,596455;-18,315774;311,851770;205,004630;44,088750;-9,303800;0,940000;0,000000;2,110000;0,188000;0,000000;8,503320;5,100000;0,016000;0,000000;0,000000;0,000000;2,980000;-0,017300;0,017370;nan;2,956000;5577,000000;0,000000;4,695500;2,974000;4,085000;0,046200;0,008200;-0,008200;-1063,000000;1508,841627;-1070,810000;-0,046200;-0,095000;0,395412;0,393383;0,391373;3,334000;0,960000;-0,176000;0,176000;4,340000;0,000000;4,215000;0,000000;-0,391373;-0,395412;-0,393383;0,236000;-0,200000;0,200000;-0,236000;4,540520;-0,005570;0,005570;0,030000;0,000000;0,050201;-0,030000;-0,237902;117,573000;0,237902;0,072000;0,244000;-0,244000;33,000000;0,010000;-33,000000;-0,010000;0,030000;-0,030000;-0,010000;0,000000;2,791000;3,091000;2,986000;2,144000;1,449330;0,524000;nan;0,296110;-0,278770;0,000600;-0,000600;nan;nan;0,000000;0,120000;nan;nan
35;1;3;2009;0;6;9;0;1;199,596455;-18,315774;311,851770;205,004630;44,088750;-9,303800;0,940000;0,000000;4,460000;0,398000;0,000000;8,503320;18,200000;0,057000;0,000000;0,000000;0,000000;1,130000;-0,017300;0,017370;nan;2,956000;5577,000000;0,000000;4,695500;2,974000;4,085000;0,046200;0,008200;-0,008200;-1063,000000;1508,841627;-1070,810000;-0,046200;-0,095000;0,395412;0,393383;0,391373;3,334000;0,960000;-0,176000;0,176000;4,340000;0,000000;38,021000;0,000000;-0,391373;-0,395412;-0,393383;0,236000;-0,200000;0,200000;-0,236000;4,540520;-0,005570;0,005570;0,030000;0,000000;0,217500;-0,030000;-0,237902;117,573000;0,237902;0,072000;0,244000;-0,244000;33,000000;0,010000;-33,000000;-0,010000;0,030000;-0,030000;-0,010000;0,000000;2,791000;3,091000;2,986000;2,144000;1,449330;0,524000;nan;0,296110;-0,278770;0,034000;-0,034000;nan;nan;0,000000;0,140000;nan;nan
36;1;3;2009;0;6;9;0;1;199,596455;-18,315774;311,851770;205,004630;44,088750;-9,303800;0,940000;0,000000;5,110000;0,456000;0,000000;8,503320;22,900000;0,072000;0,000000;0,000000;0,000000;0,943000;-0,017300;0,017370;nan;2,956000;5577,000000;0,000000;4,695500;2,974000;4,085000;0,046200;0,008200;-0,008200;-1063,000000;1508,841627;-1070,810000;-0,046200;-0,095000;0,395412;0,393383;0,391373;3,334000;0,960000;-0,176000;0,176000;4,340000;0,000000;123,010000;0,000000;-0,391373;-0,395412;-0,393383;0,236000;-0,200000;0,200000;-0,236000;4,540520;-0,005570;0,005570;0,030000;0,000000;0,476000;-0,030000;-0,237902;117,573000;0,237902;0,072000;0,244000;-0,244000;33,000000;0,010000;-33,000000;-0,010000;0,030000;-0,030000;-0,010000;0,000000;2,791000;3,091000;2,986000;2,144000;1,449330;0,524000;nan;0,296110;-0,278770;0,550000;-0,550000;nan;nan;0,000000;0,350000;nan;nan
37;1;2;2011;0;1;0;0;1;99,171276;-19,256181;228,688760;101,738450;-11,795970;-42,322340;1,340000;0,000000;13,400000;1,200000;0,000000;19,810100;587,985500;1,850000;0,000000;0,000000;0,000000;1,340000;-0,164800;0,164800;0,000000;1,564000;4826,000000;0,000000;3,950000;1,679000;3,067700;0,030000;1,869200;-1,869200;-72,806500;95,622931;61,991600;-0,030000;1,063000;0,594377;0,599678;0,606915;2,173000;4,870000;-0,234000;0,234000;3,190000;0,000000;735,100000;0,000000;-0,606915;-0,594377;-0,599678;0,252000;-0,244000;0,244000;-0,252000;3,678530;-0,004135;0,004135;0,110000;0,000000;1,758000;-0,120000;-0,416775;50,457100;0,416775;5,013000;0,017000;-0,017000;45,000000;0,170000;-55,000000;-0,140000;0,060000;-0,070000;0,210000;0,000000;-0,525000;1,653000;1,541000;-0,682000;nan;nan;nan;nan;nan;14,800000;-1,000000;-0,100000;0,100000;0,000000;0,060000;nan;nan
38;1;2;2019;0;1;0;0;1;99,171276;-19,256181;228,688760;101,738450;-11,795970;-42,322340;1,340000;0,000000;13,900000;1,240000;0,000000;19,810100;276,512100;0,870000;0,000000;0,000000;0,000000;0,566000;-0,164800;0,164800;0,000000;1,564000;4826,000000;0,000000;3,950000;1,679000;3,067700;0,030000;1,869200;-1,869200;-72,806500;95,622931;61,991600;-0,030000;1,063000;0,594377;0,599678;0,606915;2,173000;4,870000;-0,234000;0,234000;3,190000;0,000000;996,000000;0,000000;-0,606915;-0,594377;-0,599678;0,252000;-0,244000;0,244000;-0,252000;3,678530;-0,004135;0,004135;0,110000;0,000000;2,153000;-0,120000;-0,416775;50,457100;0,416775;5,013000;0,017000;-0,017000;45,000000;0,170000;-55,000000;-0,140000;0,060000;-0,070000;0,210000;0,000000;-0,525000;1,653000;1,541000;-0,682000;nan;nan;nan;nan;nan;1,500000;-52,400000;-0,100000;0,100000;0,000000;0,080000;nan;nan
39;1;1;1996;0;5;2;0;1;202,106490;13,776309;337,657490;194,970870;74,099100;21,338100;1,090000;0,000000;12,600000;1,130000;0,000000;17,901100;2380,450000;7,490000;0,000000;0,000000;0,000000;6,540000;-0,055700;0,056000;nan;3,500000;5495,000000;0,000000;4,968080;3,457000;4,294300;0,023000;0,007500;-0,007500;-576,283000;622,568512;-235,562000;-0,023000;0,451000;0,238095;0,260047;0,364791;3,798000;1,890000;-0,206000;0,206000;3,950000;0,000000;116,688000;0,000000;-0,364791;-0,238095;-0,260047;0,294000;-0,286000;0,286000;-0,294000;4,761780;-0,004416;0,004416;nan;0,000000;0,481000;nan;-0,172997;55,834700;0,172997;5,678000;0,020000;-0,020000;nan;nan;nan;nan;nan;nan;-0,090000;0,000000;2,951000;3,257000;3,186000;2,490000;0,190240;0,439000;nan;0,050190;-0,032110;0,005400;-0,005400;-0,030000;0,030000;0,000000;0,398800;nan;nan
40;2;1;2012;0;1;0;0;1;38,039160;-1,035027;169,944180;35,325250;-54,441770;-15,167590;2,490000;0,000000;13,100000;1,170000;0,000000;82,961300;953,490000;3,000000;0,000000;0,000000;0,000000;2,330000;-0,723650;0,723650;1,000000;3,207000;4846,000000;0,000000;5,353200;3,318000;4,505400;0,023000;0,007200;-0,007200;-30,485100;38,564396;-23,619300;-0,023000;1,730000;0,172733;0,182265;0,197124;3,931000;10,500000;-0,214000;0,214000;2,630000;0,000000;691,900000;0,000000;-0,197124;-0,172733;-0,182265;0,272000;-0,262000;0,262000;-0,272000;5,093430;-0,003932;0,003932;0,020000;0,000000;2,100000;-0,270000;-0,104350;12,026400;0,104350;6,366000;0,018000;-0,018000;18,000000;1,000000;-18,000000;-1,000000;0,050000;-0,050000;0,000000;0,000000;2,791000;3,038000;2,988000;2,101000;nan;0,494000;nan;nan;nan;3,600000;-3,600000;-0,040000;0,040000;0,000000;0,117000;-0,494000;nan
41;1;1;2015;0;0;0;0;1;224,201685;74,900938;112,794920;130,655180;39,660990;73,344970;1,440000;0,000000;13,600000;1,220000;0,000000;162,552000;416,357300;1,310000;0,000000;0,000000;0,000000;0,910000;-0,646000;0,651000;1,000000;4,515000;4847,000000;0,000000;6,832950;4,749000;5,967610;0,023000;0,006400;-0,006400;3,570690;13,283606;12,794700;-0,023000;1,725000;0,044128;0,053210;0,053853;5,069000;10,300000;-0,036000;0,036000;2,570000;0,000000;93,400000;0,000000;-0,053853;-0,044128;-0,053210;0,020000;-0,027000;0,027000;-0,020000;6,558960;-0,000237;0,000237;0,190000;0,000000;0,490000;-0,190000;-0,024355;6,123040;0,024355;7,834000;0,019000;-0,019000;7,000000;0,570000;-7,000000;-0,570000;0,030000;-0,030000;-0,030000;0,000000;4,187000;4,473000;4,415000;4,468000;nan;0,117000;0,263000;nan;nan;4,500000;-4,500000;nan;nan;0,000000;0,060000;-0,117000;-0,263000
42;1;1;2008;0;1;0;0;1;39,424355;-3,396361;174,486970;35,894060;-55,249950;-17,849790;2,400000;0,000000;12,800000;1,140000;0,000000;101,260000;1684,400000;5,300000;0,000000;0,000000;0,000000;4,410000;-1,222000;1,222000;0,000000;3,266000;4785,000000;0,000000;5,643070;3,386000;4,778530;0,023000;0,007400;-0,007400;-43,331100;60,391285;42,065700;-0,023000;1,778000;0,196973;0,193711;0,190188;3,940000;11,000000;-0,234000;0,234000;2,350000;0,000000;952,700000;0,000000;-0,190188;-0,196973;-0,193711;0,258000;-0,266000;0,266000;-0,258000;5,375880;-0,003106;0,003106;0,100000;0,000000;2,500000;-0,400000;-0,118279;9,848950;0,118279;6,675000;0,019000;-0,019000;25,000000;2,000000;-25,000000;-1,000000;0,080000;-0,080000;-0,060000;0,000000;3,036000;3,297000;3,242000;3,313000;nan;0,275000;0,507000;nan;nan;8,800000;-8,800000;-0,030000;0,030000;0,000000;0,206000;-0,275000;-0,507000
43;3;1;2013;0;0;0;0;1;348,974503;-9,087808;67,074160;346,306210;-61,113270;-4,002280;1,400000;0,000000;13,100000;1,170000;0,000000;44,030400;1017,000000;3,200000;0,000000;0,000000;0,000000;2,490000;-0,513250;0,513250;3,000000;1,597000;4665,000000;0,000000;4,239460;1,690000;3,322100;0,023000;1,968300;-1,968300;-17,166900;368,771790;368,372000;-0,023000;1,692000;0,464771;0,489669;0,489722;2,263000;11,000000;-0,216000;0,216000;2,520000;0,000000;181,400000;0,000000;-0,489722;-0,464771;-0,489669;0,236000;-0,246000;0,246000;-0,236000;3,953110;-0,008843;0,008843;0,100000;0,000000;0,700000;-0,100000;-0,262724;22,688400;0,262724;5,350000;0,016000;-0,016000;18,000000;0,100000;-18,000000;-0,100000;0,050000;-0,050000;-0,030000;0,000000;0,108000;1,790000;1,698000;-0,368000;nan;nan;nan;nan;nan;0,100000;-0,100000;-0,100000;0,100000;0,000000;0,027000;nan;nan
44;1;1;2022;0;0;0;0;0;73,941045;30,551089;172,499160;76,084100;-7,980820;7,884310;2,400000;0,000000;12,500000;1,120000;0,000000;162,127000;2860,455660;9,000000;0,000000;0,000000;0,000000;8,050000;-1,498000;1,526000;1,000000;4,230000;9770,000000;0,000000;7,076000;5,062000;6,943210;0,042000;0,006900;-0,006900;-24,111600;24,429161;3,926150;-0,042000;1,771000;0,067532;0,068444;0,096729;5,936000;2,960000;-0,020000;0,020000;3,770000;0,000000;nan;nan;-0,096729;-0,067532;-0,068444;0,016000;-0,018000;0,018000;-0,016000;7,078540;-0,001049;0,001049;0,200000;0,000000;93,900000;-0,200000;-0,057095;6,139960;0,057095;7,193000;0,133282;-0,133282;100,000000;0,100000;-100,000000;-0,070000;0,090000;-0,070000;nan;nan;1,669000;0,542000;-1,723000;3,289000;0,103300;nan;0,450000;0,023500;-0,017460;nan;nan;nan;nan;0,000000;0,400000;nan;-0,450000
45;1;1;2005;0;0;0;0;1;94,803921;-58,054118;266,943470;106,859530;-26,930810;-81,211650;0,900000;0,000000;12,300000;1,100000;0,000000;50,047500;4290,500000;13,500000;0,000000;0,000000;0,000000;12,700000;-0,073300;0,073500;1,000000;6,981000;5285,000000;0,000000;9,130000;7,088000;8,276300;0,030000;0,006200;-0,006200;45,072100;47,297973;14,338900;-0,030000;-0,226000;0,063108;0,063036;0,062320;7,576000;1,000000;-0,021000;0,021000;4,530000;0,000000;nan;nan;-0,062320;-0,063108;-0,063036;0,024000;-0,024000;0,024000;-0,024000;8,837800;-0,001332;0,001332;0,100000;0,000000;260,000000;-0,100000;-0,029085;19,952100;0,029085;10,148000;0,094000;-0,094000;10,000000;0,030000;-9,000000;-0,020000;0,010000;-0,010000;0,040000;0,000000;6,888000;6,858000;6,829000;6,897000;1,120140;0,020000;0,060000;0,345830;-0,233850;nan;nan;-0,020000;0,020000;nan;nan;-0,020000;-0,060000
46;1;1;2023;0;0;2;0;1;81,769922;-11,901175;214,374350;80,143190;-24,041160;-35,059390;1,200000;0,000000;13,100000;1,170000;0,000000;26,856400;1017,050900;3,200000;0,000000;0,000000;0,000000;2,490000;-0,018800;0,018900;2,000000;4,926000;6130,000000;0,000000;6,332000;5,087000;5,793200;0,035000;0,006100;-0,006100;-49,314700;52,182048;17,059500;-0,035000;0,290000;0,047965;0,047566;0,044095;5,268000;1,250000;-0,026000;0,026000;4,400000;0,000000;8030,000000;0,000000;-0,044095;-0,047965;-0,047566;0,021000;-0,027000;0,027000;-0,021000;6,186440;-0,001140;0,001140;0,060000;0,000000;8,400000;-0,060000;-0,025933;37,206100;0,025933;6,854000;0,145688;-0,145688;60,000000;0,060000;-60,000000;-0,060000;nan;nan;0,190000;0,000000;4,783000;4,904000;4,803000;4,915000;1,454150;0,060000;0,179000;0,289810;-0,320830;1800,000000;-1800,000000;-0,020000;0,020000;0,000000;0,240000;-0,060000;-0,179000
47;1;2;2020;0;0;1;0;1;311,291137;-31,342450;12,653040;305,306820;-36,804010;-12,824650;0,500000;0,000000;4,070000;0,363000;0,000000;9,722100;20,120000;0,063300;0,000000;0,000000;0,000000;1,320000;-0,004625;0,004625;1,000000;4,529000;3588,000000;0,000000;8,810000;4,831000;6,755000;0,100000;0,032000;-0,032000;-359,895000;456,863085;281,424000;-0,100000;-1,046000;0,053955;0,062801;0,075054;5,436000;0,700000;-0,016000;0,016000;4,390000;0,000000;8,462999;0,000000;-0,075054;-0,053955;-0,062801;0,020000;-0,017000;0,017000;-0,020000;7,840380;-0,000731;0,000731;0,030000;0,000000;0,064500;-0,030000;-0,048561;102,829000;0,048561;10,209000;0,036000;-0,036000;87,000000;0,020000;-87,000000;-0,020000;0,030000;-0,030000;nan;nan;4,008000;4,313000;4,140000;4,449000;1,670000;0,166000;0,277000;0,380000;-0,340000;nan;nan;nan;nan;0,000000;0,186000;nan;nan
48;1;2;2021;0;0;1;0;1;311,291137;-31,342450;12,653040;305,306820;-36,804010;-12,824650;0,500000;0,000000;3,240000;0,289000;0,000000;9,722100;9,600000;0,030200;0,000000;0,000000;0,000000;1,220000;-0,004625;0,004625;2,000000;4,529000;3700,000000;0,000000;8,810000;4,831000;6,755000;0,100000;0,032000;-0,032000;-359,895000;456,863085;281,424000;-0,100000;-1,046000;0,053955;0,062801;0,075054;5,436000;0,750000;-0,016000;0,016000;4,390000;0,000000;18,858991;0,000000;-0,075054;-0,053955;-0,062801;0,020000;-0,017000;0,017000;-0,020000;7,840380;-0,000731;0,000731;0,030000;0,000000;0,110100;-0,030000;-0,048561;102,829000;0,048561;10,209000;0,036000;-0,036000;100,000000;0,030000;-100,000000;-0,030000;0,030000;-0,030000;nan;nan;4,008000;4,313000;4,140000;4,449000;1,670000;0,166000;0,277000;0,380000;-0,340000;nan;nan;nan;nan;0,000000;0,041000;nan;nan
49;1;1;2017;0;0;0;0;0;177,564727;2,760108;269,325220;176,668350;61,573420;1,564290;1,140000;0,000000;12,700000;1,130000;0,000000;1070,630000;2034,112000;6,400000;0,000000;0,000000;0,000000;5,460000;-63,875000;63,875000;0,000000;6,021000;4095,000000;0,000000;9,577000;6,186000;8,201400;0,008000;0,006700;-0,006700;-3,524160;17,928578;-17,578800;-0,008000;2,700000;0,066929;0,089591;0,090383;6,960000;32,350000;-0,042000;0,042000;1,890000;0,000000;481,900000;0,000000;-0,090383;-0,066929;-0,089591;0,021000;-0,021000;0,021000;-0,021000;8,997700;-0,000292;0,000292;0,250000;0,000000;1,300000;-0,250000;-0,054520;0,903403;0,054520;10,795000;0,072000;-0,072000;20,000000;8,820000;-20,000000;-8,820000;0,100000;-0,100000;-0,710000;0,000000;5,976000;5,969000;5,829000;5,956000;nan;0,042000;0,119000;nan;nan;2,700000;-2,800000;-0,090000;0,090000;0,000000;0,200000;-0,042000;-0,119000
50;1;1;2009;0;1;0;0;1;318,401000;14,689383;64,418370;325,976400;-22,631720;29,216530;0,490000;0,000000;13,800000;1,230000;0,000000;49,352000;330,543200;1,040000;0,000000;0,000000;0,000000;0,691000;-0,084400;0,084600;0,000000;7,336000;4864,000000;0,000000;9,780000;7,455000;8,750500;0,030000;0,006000;-0,006000;-0,275320;233,993162;233,993000;-0,030000;-0,320000;0,055957;0,057317;0,057317;7,882000;0,860000;-0,018000;0,018000;4,260000;0,000000;268,940000;0,000000;-0,057317;-0,055957;-0,057317;0,023000;-0,029000;0,029000;-0,023000;9,351080;-0,000253;0,000253;0,330000;0,000000;0,780000;-0,330000;-0,034451;20,233700;0,034451;10,581000;0,031000;-0,031000;101,000000;0,040000;-101,000000;-0,040000;0,290000;-0,290000;0,170000;0,000000;7,350000;7,289000;7,176000;7,207000;1,731130;0,020000;0,035000;0,523640;-0,508750;0,990000;-0,990000;nan;nan;0,000000;0,290000;-0,020000;-0,035000
51;1;1;2016;0;0;0;0;0;176,482024;14,616318;249,002120;170,891040;70,272440;11,999530;1,080000;0,000000;13,800000;1,230000;0,000000;768,045000;337,217630;1,061000;0,000000;0,000000;0,000000;0,705000;-45,038000;45,038000;0,000000;7,718000;4649,000000;0,000000;10,410000;7,862000;9,360500;0,010000;0,007200;-0,007200;-11,682700;30,773609;-28,469800;-0,010000;1,570000;0,078103;0,089141;0,090868;8,372000;8,950000;-0,029000;0,029000;2,610000;0,000000;153,220000;0,000000;-0,090868;-0,078103;-0,089141;0,017000;-0,021000;0,021000;-0,017000;9,991800;-0,000458;0,000458;0,140000;0,000000;0,576000;-0,140000;-0,074548;1,273270;0,074548;11,387000;0,119000;-0,119000;30,000000;1,450000;-30,000000;-1,450000;0,120000;-0,120000;-0,220000;0,000000;7,799000;7,692000;7,425000;7,649000;nan;0,019000;0,029000;nan;nan;0,440000;-0,440000;-0,080000;0,080000;0,000000;0,001000;-0,019000;-0,029000
52;1;1;2013;0;0;0;0;1;240,095640;15,546751;28,104320;233,938940;44,780110;35,317590;1,100000;0,000000;13,700000;1,230000;0,000000;426,420000;352,780000;1,110000;0,000000;0,000000;0,000000;0,754000;-6,440000;6,440000;0,000000;6,525000;4796,000000;0,000000;9,010000;6,664000;8,100400;0,030000;0,007000;-0,007000;-41,901500;44,551750;15,136800;-0,030000;2,010000;0,035928;0,036964;0,044103;7,154000;14,700000;-0,018000;0,018000;2,800000;0,000000;137,480000;0,000000;-0,044103;-0,035928;-0,036964;0,016000;-0,020000;0,020000;-0,016000;8,717800;-0,000291;0,000291;0,200000;0,000000;0,539000;-0,200000;-0,035144;2,316890;0,035144;10,121000;0,042000;-0,042000;117,000000;2,800000;-117,000000;-2,800000;0,450000;-0,450000;0,280000;0,000000;6,538000;6,499000;6,377000;6,527000;nan;0,023000;0,075000;nan;nan;0,340000;-0,340000;-0,070000;0,070000;0,000000;0,260000;-0,023000;-0,075000
53;1;2;2009;0;1;0;0;0;154,186782;19,891263;216,044720;148,878140;53,952260;8,585590;2,800000;0,000000;12,100000;1,080000;0,000000;1539,710000;6807,630000;21,420000;0,000000;0,000000;0,000000;21,100000;-189,925000;189,925000;0,000000;6,420000;4137,000000;0,000000;9,743000;6,606000;8,475200;0,008000;0,006300;-0,006300;-29,942500;46,884164;-36,077300;-0,008000;3,170000;0,093136;0,093895;0,094414;7,299000;49,000000;-0,021000;0,021000;1,510000;0,000000;379,630000;0,000000;-0,094414;-0,093136;-0,093895;0,021000;-0,023000;0,023000;-0,021000;9,226840;-0,000442;0,000442;1,500000;0,000000;1,450000;-1,500000;-0,079746;0,598497;0,079746;10,989000;0,073000;-0,073000;10,000000;26,000000;-10,000000;-26,000000;0,050000;-0,050000;-1,000000;0,000000;6,355000;6,363000;6,191000;6,380000;nan;0,024000;0,086000;nan;nan;2,010000;-2,010000;-0,070000;0,070000;0,000000;0,150000;-0,024000;-0,086000
54;1;2;2009;0;1;0;0;0;154,186782;19,891263;216,044720;148,878140;53,952260;8,585590;2,800000;0,000000;12,400000;1,100000;0,000000;1539,710000;3963,170000;12,470000;0,000000;0,000000;0,000000;11,400000;-189,925000;189,925000;0,000000;6,420000;4137,000000;0,000000;9,743000;6,606000;8,475200;0,008000;0,006300;-0,006300;-29,942500;46,884164;-36,077300;-0,008000;3,170000;0,093136;0,093895;0,094414;7,299000;49,000000;-0,021000;0,021000;1,510000;0,000000;621,990000;0,000000;-0,094414;-0,093136;-0,093895;0,021000;-0,023000;0,023000;-0,021000;9,226840;-0,000442;0,000442;1,500000;0,000000;2,010000;-1,500000;-0,079746;0,598497;0,079746;10,989000;0,073000;-0,073000;10,000000;26,000000;-10,000000;-26,000000;0,050000;-0,050000;-1,000000;0,000000;6,355000;6,363000;6,191000;6,380000;nan;0,024000;0,086000;nan;nan;10,200000;-10,200000;-0,070000;0,070000;0,000000;0,180000;-0,024000;-0,086000
55;1;1;2012;0;0;0;0;0;25,920318;21,005269;138,974200;31,621640;-40,233450;9,587450;0,800000;0,000000;13,000000;1,160000;0,000000;1322,510000;1334,886000;4,200000;0,000000;0,000000;0,000000;3,340000;-80,535000;80,535000;0,000000;6,169000;4296,000000;0,000000;9,367000;6,337000;8,171600;0,008000;0,006500;-0,006500;-3,783450;3,788280;0,191228;-0,008000;1,960000;0,086257;0,086301;0,102145;7,003000;17,300000;-0,020000;0,020000;1,990000;0,000000;578,200000;0,000000;-0,102145;-0,086257;-0,086301;0,027000;-0,019000;0,019000;-0,027000;8,916130;-0,000468;0,000468;0,200000;0,000000;1,300000;-0,200000;-0,045243;0,722619;0,045243;10,720000;0,061000;-0,061000;10,000000;0,900000;-10,000000;-0,900000;0,050000;-0,050000;-0,460000;0,000000;6,141000;6,106000;5,991000;6,107000;nan;0,035000;0,094000;nan;nan;5,400000;-5,400000;-0,070000;0,070000;0,000000;0,210000;-0,035000;-0,094000
56;1;1;2016;0;0;0;0;0;53,651123;20,599021;166,796600;56,292590;-28,053480;1,312080;1,670000;0,000000;2,578000;0,230000;0,000000;179,461000;22,248100;0,070000;0,000000;0,000000;0,000000;7,890000;-1,240000;1,257000;1,000000;9,368000;5766,000000;0,000000;10,849000;9,432000;10,402100;0,012000;0,006000;-0,006000;-51,364700;63,053943;36,571400;-0,012000;-0,056000;0,051129;0,060231;0,075015;9,770001;1,080000;-0,022000;0,022000;4,500000;0,000000;41,685500;0,000000;-0,075015;-0,051129;-0,060231;0,018000;-0,022000;0,022000;-0,018000;10,864400;-0,000249;0,000249;0,400000;0,000000;0,241000;-0,400000;-0,038478;5,543660;0,038478;11,765000;0,161000;-0,161000;99,000000;0,060000;-99,000000;-0,060000;0,080000;-0,080000;-0,150000;0,000000;9,344000;9,332000;8,976000;9,310000;1,890000;0,020000;0,024000;0,340000;-0,340000;0,003000;-0,003000;nan;nan;0,000000;0,000000;-0,020000;-0,024000
57;1;1;2021;0;0;0;0;0;32,947049;45,924219;137,232050;47,312650;-14,704630;30,574090;0,810000;0,000000;13,600000;1,210000;0,000000;53,622000;432,246630;1,360000;0,000000;0,000000;0,000000;0,944000;-0,190500;0,191900;0,000000;7,557000;5004,000000;0,000000;9,670000;7,645000;8,858800;0,030000;0,006000;-0,006000;-7,189460;278,116941;278,024000;-0,030000;-0,399000;0,096420;0,087043;0,087036;8,063000;0,810000;-0,024000;0,024000;4,220000;0,000000;307,880000;0,000000;-0,087036;-0,096420;-0,087043;0,024000;-0,023000;0,023000;-0,024000;9,412660;-0,000255;0,000255;0,070000;0,000000;0,830000;-0,070000;-0,066000;18,620500;0,066000;10,536000;0,190000;-0,190000;50,000000;0,040000;-50,000000;-0,040000;0,130000;-0,130000;-0,090000;0,000000;nan;nan;nan;nan;2,229510;nan;nan;0,593050;-0,421470;1,470000;-1,470000;-0,030000;0,030000;0,000000;0,120000;nan;nan
58;1;1;2011;0;0;0;0;0;40,710287;49,586939;140,808480;54,573350;-9,378700;32,030210;0,740000;0,000000;13,900000;1,240000;0,000000;871,493000;289,225300;0,910000;0,000000;0,000000;0,000000;0,592000;-43,849000;43,849000;0,000000;5,904000;4414,000000;0,000000;9,139000;6,077000;7,888500;0,004000;0,007800;-0,007800;-6,282350;6,880961;2,807080;-0,004000;1,690000;0,112407;0,114056;0,121979;6,704000;11,000000;-0,047000;0,047000;2,240000;0,000000;392,600000;0,000000;-0,121979;-0,112407;-0,114056;0,018000;-0,021000;0,021000;-0,018000;8,655690;-0,000365;0,000365;0,390000;0,000000;1,000000;-0,390000;-0,056264;1,120860;0,056264;10,352000;0,036000;-0,036000;15,000000;1,000000;-15,000000;-1,000000;0,060000;-0,060000;-0,200000;0,000000;5,831000;5,854000;5,746000;5,887000;nan;0,052000;0,103000;nan;nan;5,500000;-5,500000;-0,070000;0,070000;0,000000;0,200000;-0,052000;-0,103000
59;1;1;2018;0;0;0;0;1;40,742543;48,930058;141,109040;54,322830;-9,965340;31,408500;1,090000;0,000000;13,500000;1,200000;0,000000;666,589000;540,311000;1,700000;0,000000;0,000000;0,000000;1,210000;-21,533500;21,533500;0,000000;5,645000;4534,000000;0,000000;8,690000;5,791000;7,524800;0,030000;0,006500;-0,006500;-1,135060;5,248964;-5,124770;-0,030000;1,640000;0,092112;0,094268;0,094372;6,385000;10,330000;-0,027000;0,027000;2,480000;0,000000;733,000000;0,000000;-0,094372;-0,092112;-0,094268;0,017000;-0,018000;0,018000;-0,017000;8,264490;-0,000761;0,000761;0,160000;0,000000;1,700000;-0,160000;-0,048048;1,472890;0,048048;10,510000;0,853000;-0,853000;8,000000;1,810000;-8,000000;-1,810000;0,040000;-0,040000;-0,130000;0,000000;5,497000;5,561000;5,479000;5,555000;nan;0,054000;0,181000;nan;nan;5,000000;-8,000000;-0,060000;0,060000;0,000000;0,760000;-0,054000;-0,181000
60;1;1;2015;0;0;0;0;0;45,640619;49,729948;143,617920;58,151840;-7,801730;31,078520;1,520000;0,000000;13,500000;1,210000;0,000000;442,042000;508,500000;1,600000;0,000000;0,000000;0,000000;1,140000;-7,654000;7,654000;1,000000;6,571000;4943,000000;0,000000;9,381000;6,729000;8,326780;0,005000;0,006000;-0,006000;-9,674810;12,336703;7,654560;-0,005000;1,470000;0,065861;0,074784;0,087164;7,246000;7,600000;-0,024000;0,024000;2,850000;0,000000;2590,000000;0,000000;-0,087164;-0,065861;-0,074784;0,021000;-0,019000;0,019000;-0,021000;9,028510;-0,000235;0,000235;0,220000;0,000000;4,200000;-0,220000;-0,038861;2,234200;0,038861;10,508000;0,047000;-0,047000;30,000000;1,300000;-30,000000;-1,300000;0,090000;-0,090000;-0,190000;0,000000;6,525000;6,509000;6,363000;6,503000;nan;0,022000;0,079000;nan;nan;300,000000;-180,000000;-0,060000;0,060000;0,000000;0,350000;-0,022000;-0,079000
61;1;1;2021;0;0;0;0;0;23,963668;56,698228;129,031630;46,948180;-5,646570;42,696780;0,910000;0,000000;14,000000;1,250000;0,000000;52,569700;228,836450;0,720000;0,000000;0,000000;0,000000;0,458000;-0,097100;0,097400;0,000000;7,331000;5012,000000;0,000000;9,380000;7,443000;8,603600;0,030000;0,006000;-0,006000;-216,227000;341,357747;264,142000;-0,030000;-0,313000;0,065037;0,058943;0,054480;7,826000;0,900000;-0,031000;0,031000;4,090000;0,000000;265,590000;0,000000;-0,054480;-0,065037;-0,058943;0,021000;-0,019000;0,019000;-0,021000;9,153050;-0,000163;0,000163;0,100000;0,000000;0,780000;-0,100000;-0,034929;18,993500;0,034929;10,299000;0,197000;-0,197000;78,000000;0,060000;-78,000000;-0,040000;0,160000;-0,160000;0,180000;0,000000;nan;nan;nan;nan;1,664860;nan;nan;0,433930;-0,383810;1,040000;-1,040000;-0,050000;0,050000;0,000000;0,270000;nan;nan
62;1;1;2021;0;0;0;0;0;190,887545;60,014364;124,745590;152,276600;57,086100;56,328290;1,000000;0,000000;14,684000;1,310000;0,000000;44,954300;4767,426100;15,000000;0,000000;0,000000;0,000000;8,270000;-0,059200;0,059300;2,000000;7,288000;4993,000000;0,000000;9,374000;7,358000;8,605400;0,003000;0,006000;-0,006000;-64,256100;141,884986;-126,501000;-0,003000;0,356000;0,041048;0,044382;0,045202;7,823000;0,800000;-0,016000;0,016000;4,550000;0,000000;nan;nan;-0,045202;-0,041048;-0,044382;0,024000;-0,020000;0,020000;-0,024000;9,174390;-0,000533;0,000533;nan;0,000000;1662,000000;nan;-0,029102;22,215900;0,029102;10,379000;0,040000;-0,040000;124,000000;0,050000;-124,000000;-0,050000;nan;nan;nan;nan;7,289000;7,243000;7,135000;7,177000;2,308750;0,020000;0,045000;0,713840;-0,448810;nan;nan;nan;nan;nan;nan;-0,020000;-0,045000
63;1;1;2021;0;0;0;0;0;271,397934;63,670006;93,081260;282,134510;29,151300;87,050230;0,820000;0,000000;12,400000;1,110000;0,000000;38,047300;3305,415430;10,400000;0,000000;0,000000;0,000000;9,530000;-0,032900;0,032900;0,000000;6,780000;5000,000000;0,000000;8,960000;6,895000;8,151900;0,030000;0,006000;-0,006000;248,002000;249,411259;-26,476100;-0,030000;-0,413000;0,044623;0,044693;0,050488;7,303000;0,800000;-0,020000;0,020000;4,200000;0,000000;1198,480000;0,000000;-0,050488;-0,044623;-0,044693;0,017000;-0,020000;0,020000;-0,017000;8,705000;-0,000257;0,000257;0,080000;0,000000;2,060000;-0,080000;-0,022579;26,254100;0,022579;9,830000;0,037000;-0,037000;53,000000;0,040000;-53,000000;-0,060000;0,170000;-0,170000;-0,090000;0,000000;6,730000;6,740000;6,670000;6,711000;2,299550;0,021000;0,072000;0,677730;-0,480890;60,790000;-60,790000;-0,030000;0,030000;0,000000;0,880000;-0,021000;-0,072000
64;1;1;2021;0;0;0;0;1;347,710844;0,408561;77,534080;348,857730;-53,355360;5,232940;0,810000;0,000000;12,000000;1,070000;0,000000;42,640200;7961,601600;25,050000;0,000000;0,000000;0,000000;25,300000;-0,180100;0,181600;0,000000;6,996000;5040,000000;0,000000;9,010000;7,136000;8,245200;0,030000;0,006000;-0,006000;-272,303000;273,712467;-27,741500;-0,030000;-0,350000;0,126935;0,127797;0,193640;7,483000;0,840000;-0,020000;0,020000;4,250000;0,000000;723,200000;0,000000;-0,193640;-0,126935;-0,127797;0,026000;-0,023000;0,023000;-0,026000;8,781010;-0,000253;0,000253;0,100000;0,000000;1,480000;-0,100000;-0,098714;23,423900;0,098714;9,914000;0,168000;-0,168000;112,000000;0,040000;-112,000000;-0,040000;0,220000;-0,220000;-0,140000;0,000000;7,001000;6,985000;6,977000;6,867000;2,053300;0,020000;0,062000;0,595450;-0,319550;0,740000;-0,740000;-0,060000;0,060000;0,000000;0,390000;-0,020000;-0,062000
65;1;2;2013;0;0;0;0;1;88,251181;-5,996338;211,657970;87,999230;-15,716020;-29,423500;0,700000;0,000000;2,850000;0,254000;0,000000;20,269500;8,500000;0,027000;0,000000;0,000000;0,000000;2,020000;-0,021800;0,022000;1,000000;6,305000;4324,000000;0,000000;9,700000;6,517000;8,290600;0,030000;0,006000;-0,006000;-346,721000;346,722576;-1,045430;-0,030000;-1,022000;0,070318;0,070318;0,070259;7,128000;0,690000;-0,059000;0,059000;4,740000;0,000000;3,872800;0,000000;-0,070259;-0,070318;-0,070318;0,018000;-0,018000;0,018000;-0,018000;9,106770;-0,000602;0,000602;nan;0,000000;0,042800;nan;-0,052921;49,306200;0,052921;10,972000;0,062000;-0,062000;100,000000;0,060000;-100,000000;-0,070000;0,020000;-0,020000;-0,140000;0,000000;6,232000;6,231000;6,213000;6,266000;2,747000;0,027000;0,087000;0,869270;-0,993570;0,000400;-0,000400;-0,170000;0,170000;0,000000;0,000000;nan;nan
66;1;2;2013;0;0;0;0;1;88,251181;-5,996338;211,657970;87,999230;-15,716020;-29,423500;0,700000;0,000000;8,380000;0,747000;0,000000;20,269500;53,000000;0,170000;0,000000;0,000000;0,000000;0,495000;-0,021800;0,022000;0,000000;6,305000;4324,000000;0,000000;9,700000;6,517000;8,290600;0,030000;0,006000;-0,006000;-346,721000;346,722576;-1,045430;-0,030000;-1,022000;0,070318;0,070318;0,070259;7,128000;0,690000;-0,059000;0,059000;4,740000;0,000000;125,940000;0,000000;-0,070259;-0,070318;-0,070318;0,018000;-0,018000;0,018000;-0,018000;9,106770;-0,000602;0,000602;nan;0,000000;0,435000;nan;-0,052921;49,306200;0,052921;10,972000;0,062000;-0,062000;100,000000;0,060000;-100,000000;-0,070000;0,020000;-0,020000;-0,140000;0,000000;6,232000;6,231000;6,213000;6,266000;2,747000;0,027000;0,087000;0,869270;-0,993570;0,440000;-0,440000;-0,170000;0,170000;0,000000;0,310000;nan;nan
67;1;2;2009;0;1;0;0;1;150,197196;-9,516569;248,495130;155,836160;34,754860;-20,283820;0,500000;0,000000;3,610000;0,322000;0,000000;41,334200;12,713200;0,040000;0,000000;0,000000;0,000000;1,480000;-0,068200;0,068500;0,000000;7,323000;4816,000000;0,000000;9,860000;7,498000;8,860000;0,030000;0,006000;-0,006000;25,460100;376,379109;-375,517000;-0,030000;-0,626000;0,060117;0,066080;0,066106;7,960000;0,710000;-0,047000;0,047000;4,430000;0,000000;5,600000;0,000000;-0,066106;-0,060117;-0,066080;0,021000;-0,020000;0,020000;-0,021000;9,503310;-0,000418;0,000418;0,260000;0,000000;0,060000;-0,260000;-0,039714;24,164100;0,039714;10,880000;0,087000;-0,087000;114,000000;0,040000;-114,000000;-0,040000;0,220000;-0,220000;-0,060000;0,000000;7,342000;7,292000;7,395000;7,213000;3,318010;0,020000;0,043000;0,921920;-0,706880;0,020000;-0,020000;nan;nan;0,000000;0,150000;nan;nan
68;1;2;2009;0;1;0;0;1;150,197196;-9,516569;248,495130;155,836160;34,754860;-20,283820;0,740000;0,000000;12,500000;1,110000;0,000000;41,334200;104,000000;0,330000;0,000000;0,000000;0,000000;0,293000;-0,068200;0,068500;0,000000;7,323000;4746,000000;0,000000;9,860000;7,498000;8,860000;0,030000;0,006000;-0,006000;25,460100;376,379109;-375,517000;-0,030000;-0,626000;0,060117;0,066080;0,066106;7,960000;0,720000;-0,047000;0,047000;4,130000;0,000000;237,600000;0,000000;-0,066106;-0,060117;-0,066080;0,021000;-0,020000;0,020000;-0,021000;9,503310;-0,000418;0,000418;0,070000;0,000000;0,680000;-0,070000;-0,039714;24,164100;0,039714;10,880000;0,087000;-0,087000;63,000000;0,020000;-63,000000;-0,020000;0,260000;-0,260000;-0,070000;0,000000;7,342000;7,292000;7,395000;7,213000;3,318010;0,020000;0,043000;0,921920;-0,706880;1,500000;-1,500000;-0,030000;0,030000;0,000000;0,190000;nan;nan
69;1;1;2000;0;2;0;0;0;164,619124;-10,770423;263,284670;170,134410;43,237930;-15,967920;1,470000;0,000000;14,100000;1,260000;0,000000;84,406900;187,519700;0,590000;0,000000;0,000000;0,000000;0,368000;-0,350800;0,353700;1,000000;8,124000;5393,000000;0,000000;10,013000;8,300000;9,325300;0,007000;0,006000;-0,006000;-8,374070;185,025598;-184,836000;-0,007000;-0,191000;0,057852;0,084483;0,084529;8,611000;0,910000;-0,040000;0,040000;4,690000;0,000000;3,487770;0,000000;-0,084529;-0,057852;-0,084483;0,026000;-0,032000;0,032000;-0,026000;9,839810;-0,000607;0,000607;0,240000;0,000000;0,040000;-0,240000;-0,049073;11,818700;0,049073;10,878000;0,088000;-0,088000;44,000000;0,040000;-44,000000;-0,040000;0,060000;-0,060000;0,380000;0,000000;8,141000;8,145001;7,566000;8,109000;1,532760;0,019000;0,022000;0,290320;-0,333190;0,000110;-0,000110;nan;nan;0,000000;0,020000;-0,019000;-0,022000
70;1;2;2014;0;0;0;0;1;278,368866;-11,637048;20,542870;278,366530;-1,359590;11,559510;0,650000;0,000000;14,100000;1,250000;0,000000;27,166500;206,589500;0,650000;0,000000;0,000000;0,000000;0,405000;-0,034600;0,034600;0,000000;6,867000;4550,000000;0,000000;10,030000;7,031000;8,720400;0,030000;0,006000;-0,006000;-235,560000;372,522082;-288,590000;-0,030000;-0,804000;0,089419;0,093835;0,096665;7,651000;0,640000;-0,031000;0,031000;4,640000;0,000000;1634,000000;0,000000;-0,096665;-0,089419;-0,093835;0,024000;-0,023000;0,023000;-0,024000;9,485110;-0,000518;0,000518;0,030000;0,000000;2,360000;-0,030000;-0,046552;36,781200;0,046552;11,243000;0,033000;-0,033000;110,000000;0,020000;-110,000000;-0,020000;0,030000;-0,030000;-0,350000;0,000000;6,842000;6,886000;6,990000;6,838000;3,530000;0,020000;0,065000;0,340000;-0,280000;13,000000;-14,000000;-0,150000;0,150000;0,000000;0,050000;nan;nan
71;1;2;2020;0;0;0;0;1;278,368866;-11,637048;20,542870;278,366530;-1,359590;11,559510;0,650000;0,000000;4,040000;0,360000;0,000000;27,166500;15,370000;0,048360;0,000000;0,000000;0,000000;1,280000;-0,034600;0,034600;0,000000;6,867000;4550,000000;0,000000;10,030000;7,031000;8,720400;0,030000;0,006000;-0,006000;-235,560000;372,522082;-288,590000;-0,030000;-0,804000;0,089419;0,093835;0,096665;7,651000;0,640000;-0,031000;0,031000;4,640000;0,000000;74,200000;0,000000;-0,096665;-0,089419;-0,093835;0,024000;-0,023000;0,023000;-0,024000;9,485110;-0,000518;0,000518;0,030000;0,000000;0,300000;-0,030000;-0,046552;36,781200;0,046552;11,243000;0,033000;-0,033000;110,000000;0,020000;-110,000000;-0,020000;0,030000;-0,030000;-0,350000;0,000000;6,842000;6,886000;6,990000;6,838000;3,530000;0,020000;0,065000;0,340000;-0,280000;0,060000;-0,080000;-0,150000;0,150000;0,000000;0,400000;nan;nan
72;1;1;2007;0;2;0;0;0;114,288469;-13,906670;230,520550;119,140670;3,531270;-34,921200;2,120000;0,000000;12,500000;1,110000;0,000000;925,214000;3108,377400;9,780000;0,000000;0,000000;0,000000;8,750000;-41,211000;41,211000;0,000000;7,151000;4545,000000;0,000000;10,038000;7,371000;8,999000;0,009000;0,007600;-0,007600;-3,801940;3,864719;-0,693761;-0,009000;2,043000;0,058750;0,059076;0,068131;7,940000;19,170000;-0,051000;0,051000;2,200000;0,000000;714,299990;0,000000;-0,068131;-0,058750;-0,059076;0,023000;-0,026000;0,026000;-0,023000;9,699710;-0,000337;0,000337;1,470000;0,000000;1,660000;-1,470000;-0,047691;1,054020;0,047691;11,313000;0,077000;-0,077000;71,000000;4,960000;-71,000000;-4,960000;0,200000;-0,200000;-0,080000;0,000000;7,217000;7,094000;6,983000;7,051000;nan;0,020000;0,047000;nan;nan;5,300000;-5,300000;nan;nan;0,000000;0,210000;-0,020000;-0,047000
73;1;1;2008;0;1;1;0;1;7,141349;-16,227325;95,830260;359,901170;-77,878250;-17,690210;0,740000;0,000000;12,800000;1,150000;0,000000;34,460300;1620,900000;5,100000;0,000000;0,000000;0,000000;4,250000;-0,092400;0,092900;0,000000;6,914000;4714,000000;0,000000;9,620000;7,027000;8,524600;0,030000;0,006000;-0,006000;-227,737000;421,921419;-355,181000;-0,030000;-0,678000;0,070233;0,140998;0,161325;7,574000;0,690000;-0,033000;0,033000;4,260000;0,000000;655,600000;0,000000;-0,161325;-0,070233;-0,140998;0,024000;-0,019000;0,019000;-0,024000;9,201120;-0,000514;0,000514;0,030000;0,000000;1,340000;-0,030000;-0,077420;28,990300;0,077420;10,677000;0,028000;-0,028000;93,000000;nan;-93,000000;nan;0,240000;-0,240000;-0,030000;0,000000;6,923000;6,897000;6,876000;6,846000;2,758440;0,020000;0,064000;0,634870;-0,884180;0,600000;-0,600000;-0,060000;0,060000;0,000000;0,540000;nan;nan
74;1;2;2023;0;0;1;0;1;33,302420;-21,196215;199,699490;22,688990;-70,456220;-32,367980;0,680000;0,000000;14,000000;1,250000;0,000000;23,732400;214,000000;0,700000;0,000000;0,000000;0,000000;0,429000;-0,022700;0,022800;0,000000;6,504000;4059,000000;0,000000;9,840000;6,665000;8,450200;0,030000;0,006100;-0,006100;55,806100;379,600510;375,476000;-0,030000;-0,870000;0,084854;0,069438;0,069058;7,296000;0,740000;-0,016000;0,016000;4,670000;0,000000;1891,000000;0,000000;-0,069058;-0,084854;-0,069438;0,018000;-0,020000;0,020000;-0,018000;9,259620;-0,000826;0,000826;0,020000;0,000000;2,630000;-0,020000;-0,040116;42,107500;0,040116;11,137000;0,024000;-0,024000;104,800000;0,070000;-139,100000;-0,070000;0,060000;-0,060000;0,120000;0,000000;nan;nan;nan;nan;2,238970;nan;nan;0,713570;-0,810880;56,000000;-48,000000;-0,100000;0,100000;0,000000;0,100000;nan;nan
75;1;2;2023;0;0;1;0;1;33,302420;-21,196215;199,699490;22,688990;-70,456220;-32,367980;0,680000;0,000000;13,300000;1,180000;0,000000;23,732400;759,000000;2,400000;0,000000;0,000000;0,000000;1,770000;-0,022700;0,022800;0,000000;6,504000;4059,000000;0,000000;9,840000;6,665000;8,450200;0,030000;0,006100;-0,006100;55,806100;379,600510;375,476000;-0,030000;-0,870000;0,084854;0,069438;0,069058;7,296000;0,740000;-0,016000;0,016000;4,670000;0,000000;6360,000000;0,000000;-0,069058;-0,084854;-0,069438;0,018000;-0,020000;0,020000;-0,018000;9,259620;-0,000826;0,000826;0,020000;0,000000;5,900000;-0,020000;-0,040116;42,107500;0,040116;11,137000;0,024000;-0,024000;104,800000;0,070000;-139,100000;-0,070000;0,060000;-0,060000;0,120000;0,000000;nan;nan;nan;nan;2,238970;nan;nan;0,713570;-0,810880;6260,000000;-711,000000;-0,100000;0,100000;0,000000;0,100000;nan;nan
76;1;1;2020;0;0;0;0;0;48,353015;4,775188;175,426890;47,247060;-43,167800;-12,699140;0,160000;0,000000;1,820000;0,162000;0,000000;8,607150;3,950000;0,012430;0,000000;0,000000;0,000000;3,600000;-0,006580;0,006580;nan;7,833000;3130,000000;0,000000;13,950000;8,208000;10,670100;0,200000;0,007873;-0,007873;86,017200;1743,982574;1741,860000;-0,200000;-2,533000;0,151181;0,167608;0,167646;8,775000;0,170000;-0,038000;0,038000;4,930000;0,000000;2,290700;0,000000;-0,167646;-0,151181;-0,167608;0,024000;-0,020000;0,020000;-0,024000;12,123200;-0,001050;0,001050;0,010000;0,000000;0,018500;-0,010000;-0,088160;116,154000;0,088160;nan;nan;nan;51,000000;0,010000;-51,000000;-0,010000;0,040000;-0,040000;0,130000;0,000000;nan;nan;nan;nan;30,358780;nan;nan;0,894360;-0,894360;0,000120;-0,000120;-0,160000;0,160000;nan;nan;nan;nan
77;1;1;2011;0;0;0;0;0;224,620833;10,228611;9,594270;218,819340;55,655060;25,969060;0,020000;0,000000;12,400000;1,110000;0,000000;23,100000;3337,100000;10,500000;0,000000;0,000000;0,000000;9,620000;-2,400000;2,400000;1,000000;nan;580,500000;0,000000;nan;nan;nan;nan;nan;nan;nan;nan;nan;nan;nan;nan;nan;nan;nan;nan;nan;nan;4,720000;0,000000;10037,500000;0,000000;nan;nan;nan;nan;nan;nan;nan;nan;nan;nan;0,010000;0,000000;2,600000;-0,010000;-4,500000;43,300000;4,500000;nan;nan;nan;24,500000;nan;-24,500000;nan;0,280000;-0,280000;nan;nan;nan;nan;nan;nan;nan;nan;nan;nan;nan;2737,500000;-2737,500000;nan;nan;nan;nan;nan;nan
78;1;1;2021;0;0;0;0;0;246,934277;-23,981150;353,604990;249,008270;16,964440;-2,207130;0,010000;0,000000;20,849000;1,860000;0,000000;nan;2479,061570;7,800000;0,000000;0,000000;0,000000;1,500000;nan;nan;1,000000;14,593000;2320,000000;0,000000;nan;15,574000;18,525000;nan;1,000000;-1,000000;nan;nan;nan;nan;-2,850000;nan;nan;nan;16,775000;0,240000;-0,109000;0,109000;3,850000;0,000000;8040000,000000;0,000000;nan;nan;nan;0,098000;-0,176000;0,176000;-0,098000;nan;nan;nan;0,000000;0,000000;200,000000;0,000000;nan;nan;nan;nan;nan;nan;40,000000;0,010000;-40,000000;-0,010000;0,010000;-0,010000;nan;nan;13,231000;10,521000;8,056000;13,990000;nan;0,037000;0,044000;nan;nan;470000,000000;-470000,000000;nan;nan;nan;nan;-0,037000;-0,044000
79;1;1;2006;0;0;0;0;0;166,619398;-77,625872;297,277600;238,711280;-15,921810;-66,333100;0,350000;0,000000;12,300000;1,100000;0,000000;190,374000;3994,486000;12,569000;0,000000;0,000000;0,000000;11,800000;-6,220000;6,647000;0,000000;10,703000;3099,000000;0,000000;nan;11,317000;15,609800;nan;0,008000;-0,008000;0,214627;22,193538;-22,192500;nan;nan;0,206323;0,233289;0,233291;12,674000;nan;-0,024000;0,024000;nan;nan;nan;nan;-0,233291;-0,206323;-0,233289;0,023000;-0,028000;0,028000;-0,023000;17,293400;-0,001396;0,001396;nan;0,000000;210,000000;nan;-0,175856;5,234350;0,175856;nan;nan;nan;128,000000;nan;-128,000000;nan;nan;nan;nan;nan;10,201000;10,108000;9,406000;10,275000;nan;0,020000;0,169000;nan;nan;nan;nan;nan;nan;nan;nan;-0,020000;-0,169000
80;1;1;2019;0;0;0;0;0;68,466769;22,841619;175,464350;70,226860;-16,636070;0,868340;0,900000;0,000000;12,400000;1,110000;0,000000;157,998000;3686,828000;11,600000;0,000000;0,000000;0,000000;10,600000;-1,180000;1,198000;1,000000;7,793000;3807,000000;0,000000;13,642000;8,431000;11,180900;0,172000;0,024000;-0,024000;-17,067300;19,250371;8,904160;-0,172000;-0,108000;0,074881;0,081138;0,100847;9,480000;1,880000;-0,040000;0,040000;nan;nan;8,989100;0,000000;-0,100847;-0,074881;-0,081138;0,020000;-0,020000;0,020000;-0,020000;12,145400;-0,011866;0,011866;0,020000;nan;nan;-0,020000;-0,047268;6,300790;0,047268;15,560000;0,161000;-0,161000;131,000000;0,090000;-131,000000;-0,420000;nan;nan;nan;nan;6,032000;4,367000;2,412000;6,756000;nan;0,038000;0,068000;nan;nan;0,020200;-0,020200;nan;nan;0,000000;0,250000;-0,038000;-0,068000
81;1;1;2021;0;0;0;0;0;117,300914;-76,702696;288,915880;242,141500;-23,123130;-76,952520;0,370000;0,000000;12,442000;1,110000;0,000000;10,886400;2002,318960;6,300000;0,000000;0,000000;0,000000;5,710000;-0,004200;0,004100;2,000000;6,579000;3406,000000;0,000000;11,298000;6,862000;8,944880;0,027000;0,007670;-0,007670;-193,265000;218,528598;-101,997000;-0,027000;-1,732000;0,068379;0,066769;0,060637;7,406000;0,390000;-0,031000;0,031000;4,830000;0,000000;402000000,000000;0,000000;-0,060637;-0,068379;-0,066769;0,018000;-0,021000;0,021000;-0,018000;10,146000;-0,001567;0,001567;0,020000;0,000000;7506,000000;-0,020000;-0,034483;91,829100;0,034483;12,983000;0,231000;-0,231000;69,000000;0,010000;-69,000000;-0,010000;0,030000;-0,030000;0,000000;0,000000;6,244000;6,219000;6,074000;6,490000;9,138950;0,027000;0,081000;0,322090;-0,322090;470000000,000000;-100000000,000000;-0,080000;0,080000;nan;nan;-0,027000;-0,081000
82;1;1;2007;0;0;0;0;0;166,037504;-76,455369;296,653590;235,834230;-14,909290;-66,126790;nan;0,000000;24,660000;2,200000;0,000000;190,720000;5403,000000;17,000000;0,000000;0,000000;0,000000;1,980000;-0,771000;0,778000;0,000000;8,661000;4403,000000;0,000000;12,335000;8,944000;10,936300;0,069000;0,007600;-0,007600;-0,174998;22,209589;-22,208900;-0,069000;-0,102000;0,035294;0,038820;0,038820;9,715000;1,680000;-0,047000;0,047000;3,660000;0,000000;nan;nan;-0,038820;-0,035294;-0,038820;0,021000;-0,024000;0,024000;-0,021000;11,773300;-0,004701;0,004701;nan;0,000000;440,000000;nan;-0,021134;5,214440;0,021134;13,799000;0,012000;-0,012000;6,000000;0,100000;-10,000000;-0,160000;0,010000;-0,010000;-0,560000;0,000000;7,067000;4,859000;2,729000;7,898000;nan;0,020000;0,023000;nan;nan;nan;nan;-0,010000;0,010000;nan;nan;-0,020000;-0,023000
83;1;1;2008;20;1;0;5;6;102,079859;-3,102139;215,338820;103,437950;-2,107120;-25,979500;0,950000;0,000000;16,700000;1,490000;0,000000;787,909000;327,350000;1,030000;0,000000;0,000000;0,000000;0,380000;-23,491000;23,491000;0,000000;12,149000;5950,000000;0,000000;13,623000;12,218000;13,050100;0,114000;0,016500;-0,016500;0,547130;6,039454;-6,014620;-0,114000;0,298000;0,041423;0,047113;0,047157;12,462000;1,110000;-0,026000;0,026000;4,250000;0,000000;1,508956;0,000000;-0,047157;-0,041423;-0,047113;0,027000;-0,029000;0,029000;-0,027000;13,457000;-0,000477;0,000477;0,150000;0,000000;0,027520;-0,150000;-0,037513;1,241760;0,037513;14,158000;0,053000;-0,053000;150,000000;0,050000;-150,000000;-0,050000;0,300000;-0,300000;-0,300000;0,000000;12,136000;12,290000;9,091000;12,098000;0,930000;0,023000;0,023000;0,027000;-0,027000;0,000006;-0,000006;-0,250000;0,250000;0,000000;0,000000;-0,023000;-0,023000
84;1;1;2010;0;0;0;0;0;291,063681;0,746014;37,360690;292,895990;-6,952990;22,526600;0,890000;0,000000;10,870000;0,970000;0,000000;338,386000;874,000000;2,750000;0,000000;0,000000;0,000000;3,700000;-3,986500;3,986500;0,000000;11,782000;5075,000000;0,000000;15,293000;11,929000;13,821500;0,137000;0,006000;-0,006000;-22,735000;22,958590;-3,196350;-0,137000;-0,726000;0,054149;0,054470;0,068782;12,527000;0,790000;-0,028000;0,028000;4,650000;0,000000;13,240600;0,000000;-0,068782;-0,054149;-0,054470;0,021000;-0,025000;0,025000;-0,021000;14,664500;-0,000329;0,000329;0,050000;0,000000;0,105500;-0,050000;-0,034547;2,926940;0,034547;17,344000;0,166000;-0,166000;75,000000;0,050000;-75,000000;-0,050000;0,100000;-0,100000;0,260000;0,000000;11,752000;11,396000;8,923000;11,640000;3,320000;0,023000;0,022000;0,700000;-0,700000;0,000200;-0,000200;-0,070000;0,070000;0,000000;0,530000;-0,023000;-0,022000
85;1;1;2010;0;0;0;0;0;280,687300;5,937659;37,240090;282,162260;4,630050;28,926690;1,270000;0,000000;16,030000;1,430000;0,000000;655,037000;740,510000;2,330000;0,000000;0,000000;0,000000;0,990000;-23,209000;24,947000;0,000000;11,248000;6440,000000;0,000000;12,897000;11,416000;12,419000;0,114000;0,021600;-0,021600;-5,241750;5,581887;1,918730;-0,114000;0,378000;0,077258;0,076489;0,070486;11,589000;1,370000;-0,029000;0,029000;4,220000;0,000000;2,994330;0,000000;-0,070486;-0,077258;-0,076489;0,022000;-0,021000;0,021000;-0,022000;12,841000;-0,000336;0,000336;0,050000;0,000000;0,043600;-0,050000;-0,055590;1,500710;0,055590;13,529000;0,029000;-0,029000;120,000000;0,030000;-120,000000;-0,030000;0,230000;-0,230000;-0,030000;0,000000;11,265000;11,470000;9,198000;11,173000;0,690000;0,021000;0,022000;0,020000;-0,020000;0,000011;-0,000011;-0,080000;0,080000;0,000000;0,000000;-0,021000;-0,022000
86;1;1;2010;0;0;0;0;0;100,765687;-1,296444;213,131550;101,823090;-2,454410;-24,294950;1,080000;0,000000;16,140000;1,440000;0,000000;1126,370000;291,438000;0,917000;0,000000;0,000000;0,000000;0,411000;-55,745000;55,745000;0,000000;13,557000;5675,000000;0,000000;15,588000;13,630000;14,797100;0,183000;0,014300;-0,014300;-3,474920;3,865921;1,694190;-0,183000;0,070000;0,067771;0,067518;0,066446;14,024000;1,120000;-0,031000;0,031000;4,380000;0,000000;2,828042;0,000000;-0,066446;-0,067771;-0,067518;0,042000;-0,032000;0,032000;-0,042000;15,345300;-0,000770;0,000770;0,080000;0,000000;0,040160;-0,070000;-0,042792;0,861234;0,042792;16,408000;0,056000;-0,056000;80,000000;0,100000;-80,000000;-0,090000;0,070000;-0,060000;0,160000;0,000000;13,470000;12,530000;8,610000;13,470000;1,080000;0,033000;0,025000;0,280000;-0,210000;0,000013;-0,000013;-0,100000;0,100000;0,000000;0,070000;-0,033000;-0,025000
87;1;1;2010;0;0;0;0;0;102,721143;-5,086456;217,398600;104,369350;-2,439660;-27,893390;1,090000;0,000000;9,920000;0,885000;0,000000;1148,930000;415,704000;1,308000;0,000000;0,000000;0,000000;2,340000;-56,150000;62,120000;0,000000;13,376000;5945,000000;0,000000;15,005000;13,406000;14,426600;0,297000;0,009000;-0,009000;-3,256930;3,645053;1,636710;-0,297000;0,073000;0,070055;0,068535;0,062153;13,710000;1,010000;-0,029000;0,029000;4,460000;0,000000;4,035190;0,000000;-0,062153;-0,070055;-0,068535;0,039000;-0,024000;0,024000;-0,039000;14,914700;-0,000500;0,000500;0,020000;0,000000;0,051000;-0,020000;-0,043623;0,843947;0,043623;15,210000;0,108000;-0,108000;90,000000;0,030000;-90,000000;-0,030000;0,050000;-0,050000;0,010000;0,000000;13,217000;12,615000;8,946000;13,170000;1,468000;0,030000;0,025000;0,131000;-0,131000;0,000030;-0,000030;-0,070000;0,070000;0,000000;0,000000;-0,030000;-0,025000
88;1;1;2010;0;0;0;0;0;103,424202;-5,536039;218,117870;105,210630;-2,020590;-28,269240;1,130000;0,000000;12,220000;1,090000;0,000000;1744,600000;2415,400000;7,600000;0,000000;0,000000;0,000000;7,300000;-144,900000;173,030000;0,000000;13,806000;6035,000000;0,000000;15,932000;14,007000;15,213500;0,206000;0,013500;-0,013500;-3,601550;3,603503;-0,118627;-0,206000;0,119000;0,074563;0,074573;0,083676;14,321000;1,210000;-0,047000;0,047000;4,350000;0,000000;1,512140;0,000000;-0,083676;-0,074563;-0,074573;0,053000;-0,036000;0,036000;-0,053000;15,811600;-0,000769;0,000769;0,090000;0,000000;0,027000;-0,090000;-0,049915;0,547358;0,049915;17,011000;0,160000;-0,160000;100,000000;0,080000;-100,000000;-0,080000;0,150000;-0,150000;0,050000;0,000000;13,729000;12,030000;9,140000;13,679000;0,910000;0,039000;0,025000;0,170000;-0,170000;0,000130;-0,000130;-0,150000;0,150000;0,000000;0,000000;-0,039000;-0,025000
89;1;1;2011;0;2;0;0;0;278,524666;-6,002603;25,614330;278,876360;1,101100;17,174390;1,100000;0,000000;13,110000;1,170000;0,000000;732,409000;170,032000;0,535000;0,000000;0,000000;0,000000;0,440000;-32,282000;35,344000;0,000000;12,847000;5650,000000;0,000000;16,052000;12,980000;14,758700;0,217000;0,015200;-0,015200;-8,043270;8,097611;0,936538;-0,217000;-0,435000;0,103160;0,103595;0,131781;13,496000;1,190000;-0,030000;0,030000;4,360000;0,000000;5,352270;0,000000;-0,131781;-0,103160;-0,103595;0,037000;-0,029000;0,029000;-0,037000;15,650700;-0,000998;0,000998;0,080000;0,000000;0,061800;-0,080000;-0,062379;1,340560;0,062379;17,417000;0,103000;-0,103000;100,000000;0,140000;-100,000000;-0,130000;0,100000;-0,100000;0,190000;0,000000;nan;nan;nan;nan;0,930000;nan;nan;0,330000;-0,240000;0,000200;-0,000200;-0,060000;0,060000;0,000000;0,330000;nan;nan
90;1;1;2011;0;0;0;0;0;278,699236;-6,612288;25,152990;279,017670;0,666310;16,555090;1,040000;0,000000;11,430000;1,020000;0,000000;1176,120000;772,290000;2,430000;0,000000;0,000000;0,000000;2,820000;-52,190000;57,170000;0,000000;12,472000;5740,000000;0,000000;16,290000;12,615000;14,475600;0,320000;0,010000;-0,010000;-8,050280;9,242744;-4,541070;-0,320000;0,134000;0,067573;0,068854;0,072733;13,174000;1,590000;-0,063000;0,063000;4,400000;0,000000;3,768100;0,000000;-0,072733;-0,067573;-0,068854;0,054000;-0,038000;0,038000;-0,054000;15,436800;-0,000524;0,000524;0,100000;0,000000;0,046100;-0,100000;-0,039142;0,823380;0,039142;17,590000;0,184000;-0,184000;80,000000;0,070000;-80,000000;-0,070000;0,100000;-0,100000;0,000000;0,000000;nan;nan;nan;nan;0,320000;nan;nan;0,030000;-0,030000;0,000300;-0,000300;-0,100000;0,100000;0,000000;0,000000;nan;nan
91;1;1;2011;0;3;0;0;0;98,172417;-0,031605;210,819100;98,894410;-4,184910;-23,218800;0,950000;0,000000;14,680000;1,310000;0,000000;764,889000;1102,820000;3,470000;0,000000;0,000000;0,000000;2,200000;-25,784000;27,614000;0,000000;13,014000;5440,000000;0,000000;14,868000;13,081000;14,246500;0,172000;0,018800;-0,018800;-3,260300;4,010023;2,334680;-0,172000;-0,170000;0,065705;0,066470;0,067936;13,441000;1,000000;-0,031000;0,031000;4,400000;0,000000;1,900069;0,000000;-0,067936;-0,065705;-0,066470;0,030000;-0,024000;0,024000;-0,030000;14,800900;-0,001211;0,001211;0,150000;0,000000;0,029500;-0,150000;-0,045220;1,280630;0,045220;15,751000;0,063000;-0,063000;100,000000;0,130000;-100,000000;-0,130000;0,100000;-0,100000;-0,100000;0,000000;12,955000;11,968000;8,771000;12,955000;1,350000;0,029000;0,025000;0,250000;-0,250000;0,000003;-0,000003;-0,100000;0,100000;1,000000;0,080000;-0,029000;-0,025000
92;1;1;2011;0;4;0;0;0;97,033598;-0,170729;210,420570;97,664990;-5,261250;-23,422960;1,210000;0,000000;14,460000;1,290000;0,000000;790,663000;352,780000;1,110000;0,000000;0,000000;0,000000;0,710000;-25,071000;26,737000;0,000000;11,837000;6090,000000;0,000000;14,135000;11,961000;13,186100;0,149000;0,034900;-0,034900;-6,013370;7,693801;4,799370;-0,149000;0,544000;0,048945;0,050323;0,052413;12,324000;1,650000;-0,022000;0,022000;4,070000;0,000000;3,897130;0,000000;-0,052413;-0,048945;-0,050323;0,024000;-0,024000;0,024000;-0,024000;13,783100;-0,000558;0,000558;0,050000;0,000000;0,051800;-0,050000;-0,041069;1,237640;0,041069;14,905000;0,000000;0,000000;70,000000;0,040000;-70,000000;-0,040000;0,030000;-0,030000;-0,020000;0,000000;11,787000;12,080000;9,147000;11,763000;0,380000;0,022000;0,022000;0,030000;-0,030000;0,000020;-0,000020;-0,100000;0,100000;0,000000;0,047000;-0,022000;-0,022000
93;2;1;2008;0;5;0;6;20;291,777046;1,383663;38,262670;293,765050;-7,291020;23,043900;0,960000;0,000000;16,432000;1,466000;0,000000;213,283000;1102,820000;3,470000;0,000000;0,000000;0,000000;1,470000;-2,430000;2,485000;6,000000;10,310000;5625,000000;0,000000;12,516000;10,438000;11,665900;0,092000;0,006400;-0,006400;-10,936100;11,455045;-3,408780;-0,092000;-0,131000;0,073520;0,074540;0,084321;10,783000;0,910000;-0,037000;0,037000;4,530000;0,000000;1,742994;0,000000;-0,084321;-0,073520;-0,074540;0,031000;-0,028000;0,028000;-0,031000;12,248900;-0,000911;0,000911;0,080000;0,000000;0,027980;-0,080000;-0,053608;4,660760;0,053608;13,346000;0,083000;-0,083000;120,000000;0,030000;-120,000000;-0,030000;0,020000;-0,020000;0,040000;0,000000;10,098000;10,189000;9,035000;10,064000;1,814000;0,019000;0,023000;0,049000;-0,046000;0,000001;-0,000001;-0,050000;0,050000;0,000000;0,014300;-0,019000;-0,023000
94;1;2;2011;0;0;0;0;0;97,720425;0,226893;210,381230;98,390950;-4,468600;-22,987790;1,140000;0,000000;9,416000;0,840000;0,000000;844,061000;1366,669000;4,300000;0,000000;0,000000;0,000000;8,870000;-22,883000;24,171000;1,000000;12,513000;5880,000000;0,000000;14,630000;12,652000;13,878600;0,092000;0,025900;-0,025900;-2,803490;2,815724;-0,262189;-0,092000;0,170000;0,050395;0,050483;0,059701;12,991000;1,020000;-0,027000;0,027000;4,350000;0,000000;9,242850;0,000000;-0,059701;-0,050395;-0,050483;0,029000;-0,026000;0,026000;-0,029000;14,468600;-0,000412;0,000412;0,080000;0,000000;0,090000;-0,080000;-0,032744;1,156990;0,032744;15,613000;0,024000;-0,024000;90,000000;0,050000;-90,000000;-0,050000;0,110000;-0,140000;0,140000;0,000000;12,460000;12,541000;8,493000;12,446000;1,510000;0,026000;0,023000;0,150000;-0,170000;0,000300;-0,000300;-0,120000;0,120000;0,000000;0,590000;-0,026000;-0,023000
95;1;2;2018;0;0;0;0;0;97,720425;0,226893;210,381230;98,390950;-4,468600;-22,987790;1,140000;0,000000;12,200000;1,090000;0,000000;844,061000;5403,110000;17,000000;0,000000;0,000000;0,000000;16,400000;-22,883000;24,171000;0,000000;12,513000;4947,500000;0,000000;14,630000;12,652000;13,878600;0,092000;0,025900;-0,025900;-2,803490;2,815724;-0,262189;-0,092000;0,006000;0,050395;0,050483;0,059701;12,991000;1,370000;-0,027000;0,027000;4,350000;0,000000;1675,000000;0,000000;-0,059701;-0,050395;-0,050483;0,029000;-0,026000;0,026000;-0,029000;14,468600;-0,000412;0,000412;0,080000;0,000000;2,900000;-0,080000;-0,032744;1,156990;0,032744;15,613000;0,024000;-0,024000;65,510000;0,030000;-52,500000;-0,040000;0,110000;-0,140000;0,140000;0,000000;12,460000;12,541000;8,493000;12,446000;1,510000;0,026000;0,023000;0,150000;-0,170000;19,000000;-17,000000;-0,120000;0,120000;0,000000;0,600000;-0,026000;-0,023000
96;1;1;2012;0;0;0;0;0;101,052621;-0,299154;212,374150;102,045900;-1,744470;-23,277440;1,290000;0,000000;14,572000;1,300000;0,000000;1398,834197;718,295800;2,260000;0,000000;0,000000;0,000000;1,360000;-286,450185;286,450185;0,000000;13,813000;6200,000000;0,000000;16,058000;13,980000;15,275600;0,435000;0,006400;-0,006400;1,798400;11,716839;-11,578000;-0,435000;0,705000;2,169550;2,169540;2,169540;14,340000;1,950000;-0,044000;0,044000;3,700000;0,000000;2,724740;0,000000;-2,169540;-2,169550;-2,169540;0,054000;-0,041000;0,041000;-0,054000;15,855800;-0,001968;0,001968;0,090000;0,000000;0,041700;-0,090000;-0,146392;0,714881;0,146392;16,663000;0,096000;-0,096000;100,000000;0,210000;-100,000000;-0,210000;0,100000;-0,100000;0,000000;0,000000;13,690000;12,495000;9,006000;13,674000;0,255000;0,040000;0,027000;0,084000;-0,084000;0,000140;-0,000140;-0,100000;0,100000;0,000000;0,000000;-0,040000;-0,027000
97;1;1;2014;0;0;0;0;0;280,667139;6,219167;37,483070;282,170430;4,775000;29,208890;1,100000;0,000000;4,880000;0,435000;0,000000;627,158000;12,200000;0,038000;0,000000;0,000000;0,000000;0,249000;-10,808000;11,187000;0,000000;11,988000;5939,000000;0,000000;13,820000;12,099000;13,200600;0,114000;0,006200;-0,006200;1,124490;2,315063;2,023620;-0,114000;0,014000;0,049597;0,045863;0,044647;12,414000;1,140000;-0,027000;0,027000;4,360000;0,000000;9,755980;0,000000;-0,044647;-0,049597;-0,045863;0,026000;-0,027000;0,027000;-0,026000;13,730500;-0,000304;0,000304;0,050000;0,000000;0,092000;-0,050000;-0,027740;1,566240;0,027740;14,740000;0,041000;-0,041000;54,000000;0,040000;-120,000000;-0,090000;0,070000;-0,030000;0,170000;0,000000;11,950000;11,564000;8,870000;11,889000;1,027000;0,027000;0,025000;0,268000;-0,100000;0,000110;-0,000110;-0,120000;0,070000;0,000000;0,077000;-0,027000;-0,025000
98;1;1;2011;0;1;0;0;0;279,782659;4,357752;35,417490;281,003550;4,719590;27,424130;1,140000;0,000000;11,770000;1,050000;0,000000;1060,970000;889,900000;2,800000;0,000000;0,000000;0,000000;3,000000;-41,940000;45,470000;0,000000;12,364000;5900,000000;0,000000;15,675000;12,450000;14,195600;0,206000;0,009300;-0,009300;-8,321880;8,662839;-2,406470;-0,206000;0,087000;0,060649;0,060900;0,063829;12,944000;1,610000;-0,029000;0,029000;4,300000;0,000000;3,631300;0,000000;-0,063829;-0,060649;-0,060900;0,032000;-0,026000;0,026000;-0,032000;15,068100;-0,000409;0,000409;0,080000;0,000000;0,048000;-0,080000;-0,038464;0,915420;0,038464;16,727000;0,330000;-0,330000;100,000000;0,180000;-100,000000;-0,180000;0,200000;-0,200000;0,050000;0,000000;12,173000;12,259000;8,354000;12,140000;0,500000;0,026000;0,025000;0,150000;-0,150000;0,000100;-0,000100;-0,100000;0,100000;0,000000;0,160000;-0,026000;-0,025000
99;1;2;2014;0;0;0;0;0;101,922543;-3,719289;215,817440;103,330920;-2,527630;-26,608500;0,910000;0,000000;3,700000;0,330000;0,000000;591,555000;5,700000;0,018000;1,000000;1,000000;1,000000;0,900000;-15,232000;16,043000;0,000000;12,924000;4950,000000;0,000000;15,383000;13,046000;14,511500;0,114000;0,018200;-0,018200;2,753650;3,042544;-1,294020;-0,114000;-0,601000;0,079495;0,078706;0,075028;13,595000;0,860000;-0,031000;0,031000;4,550000;0,000000;5,113400;0,000000;-0,075028;-0,079495;-0,078706;0,024000;-0,024000;0,024000;-0,024000;15,180100;-0,000631;0,000631;0,090000;0,000000;0,056000;-0,090000;-0,044308;1,663290;0,044308;16,593000;0,035000;-0,035000;150,000000;0,090000;-150,000000;-0,090000;0,150000;-0,150000;0,300000;0,000000;13,001000;12,418000;9,039000;12,898000;1,948630;0,029000;0,026000;nan;nan;0,000600;-0,000600;-0,150000;0,150000;0,000000;0,000000;-0,029000;-0,026000
100;1;2;2014;0;0;0;0;0;101,922543;-3,719289;215,817440;103,330920;-2,527630;-26,608500;0,910000;0,000000;5,000000;0,440000;0,000000;591,555000;28,000000;0,088000;0,000000;0,000000;0,000000;1,300000;-15,232000;16,043000;0,000000;12,924000;4950,000000;0,000000;15,383000;13,046000;14,511500;0,114000;0,018200;-0,018200;2,753650;3,042544;-1,294020;-0,114000;-0,601000;0,079495;0,078706;0,075028;13,595000;0,860000;-0,031000;0,031000;4,550000;0,000000;11,759000;0,000000;-0,075028;-0,079495;-0,078706;0,024000;-0,024000;0,024000;-0,024000;15,180100;-0,000631;0,000631;0,090000;0,000000;0,098000;-0,090000;-0,044308;1,663290;0,044308;16,593000;0,035000;-0,035000;150,000000;0,090000;-150,000000;-0,090000;0,150000;-0,150000;0,300000;0,000000;13,001000;12,418000;9,039000;12,898000;1,948630;0,029000;0,026000;nan;nan;0,006300;-0,006300;-0,150000;0,150000;0,000000;0,000000;-0,029000;-0,026000
